P0	P1	P2	P3	P4	DFO	DIL	DFI	DOL	allsites
bic_1	SPC.3.1	Car-L10.1	ARS.1.1	V480	0.282337	0.299544	-0.022701	0.004423	582803
bic_1	SPC.3.1	Car-L10.1	ARS2.1	V480	0.277983	0.294785	-0.021624	0.004911	581250
bic_1	SPC.3.1	Car-L10.1	ARS3.1	V480	0.218429	0.235308	-0.021598	0.006255	594527
bic_1	SPC.3.1	Car-L10.1	CAR-C27.1	V480	0.264074	0.279359	-0.019999	0.004252	589735
bic_1	SPC.3.1	Car-L10.1	CARC3.1	V480	0.259413	0.276268	-0.02029	0.006595	589219
bic_1	SPC.3.1	Car-L10.1	CAR-C4.1	V480	0.221998	0.239197	-0.022743	0.005427	596450
bic_1	SPC.3.1	Car-L10.1	CED1.1	V480	0.211522	0.22772	-0.020686	0.00601	593016
bic_1	SPC.3.1	Car-L10.1	CED2.1	V480	0.17102	0.18721	-0.021369	0.006189	601620
bic_1	SPC.3.1	Car-L10.1	CED3.1	V480	0.363574	0.379381	-0.019827	0.003549	569387
bic_1	SPC.3.1	Car-L10.1	CUY1.1	V480	0.294716	0.31205	-0.023593	0.003454	579271
bic_1	SPC.3.1	Car-L10.1	CUY.2.1	V480	0.30468	0.320851	-0.023783	0.001289	578715
bic_1	SPC.3.1	Car-L10.1	CUY3.1	V480	0.282394	0.300337	-0.023506	0.004628	583633
bic_1	SPC.3.1	Car-L10.1	GRM4.1	V480	0.226233	0.244004	-0.022453	0.006508	590688
bic_1	SPC.3.1	Car-L10.1	GRM5.1	V480	0.242974	0.260561	-0.024066	0.004241	589858
bic_1	SPC.3.1	Car-L10.1	IND2.1	V480	0.229114	0.245371	-0.021052	0.005491	594703
bic_1	SPC.3.1	Car-L10.1	IND5.1	V480	0.228646	0.244473	-0.021299	0.004539	594795
bic_1	SPC.3.1	Car-L10.1	IND6.1	V480	0.194581	0.210847	-0.02071	0.006514	601683
bic_1	SPC.3.1	Car-L10.1	MNZ1.1	V480	0.263519	0.281237	-0.021602	0.006584	585539
bic_1	SPC.3.1	Car-L10.1	MNZ2.1	V480	0.296545	0.313046	-0.020858	0.004912	581289
bic_1	SPC.3.1	Car-L10.1	ONC1.1	V480	0.251394	0.267616	-0.021826	0.004214	590884
bic_1	SPC.3.1	Car-L10.1	ONC2.1	V480	0.247879	0.263883	-0.0208	0.004966	591392
bic_1	SPC.3.1	Car-L10.1	ONC3.1	V480	0.194671	0.21084	-0.021364	0.005704	602035
bic_1	SPC.3.1	Car-L10.1	RED11.1	V480	0.213425	0.228066	-0.018724	0.005469	597786
bic_1	SPC.3.1	Car-L10.1	RED15.1	V480	0.257227	0.271754	-0.019537	0.003706	590427
bic_1	SPC.3.1	Car-L10.1	RED17.1	V480	0.203385	0.218708	-0.01943	0.006051	600131
bic_1	SPC.3.1	Car-L10.1	RED18.1	V480	0.205613	0.221635	-0.020366	0.006209	600151
bic_1	SPC.3.1	Car-L10.1	RED9.119	V480	0.237615	0.254158	-0.02061	0.006178	593762
bic_1	SPC.3.1	Car-L10.1	SHV.1.1	V480	0.293644	0.312898	-0.02364	0.006277	581038
bic_1	SPC.3.1	Car-L10.1	SLA1.1	V480	0.222417	0.239153	-0.021596	0.005809	596747
bic_1	SPC.3.1	Car-L10.1	SLA3.1	V480	0.212169	0.228947	-0.020801	0.006875	598700
bic_1	SPC.3.1	Car-L10.1	SLA5.1	V480	0.200038	0.216808	-0.021755	0.006244	599873
bic_1	SPC.3.1	Car-L10.1	WFM1.1	V480	0.255349	0.274025	-0.024193	0.005795	587146
bic_1	SPC.3.1	Car-L10.1	WFM2.2	V480	0.294254	0.311505	-0.020983	0.005956	580674
bic_1	SPC.3.1	Car-L10.1	WFM3.1	V480	0.288756	0.304356	-0.020527	0.003908	582868
bic_1	SPC.3.1	Car-L1.1	ARS.1.1	V480	0.28176	0.300814	-0.025091	0.004967	583523
bic_1	SPC.3.1	Car-L1.1	ARS2.1	V480	0.27735	0.29616	-0.025526	0.004233	581864
bic_1	SPC.3.1	Car-L1.1	ARS3.1	V480	0.217392	0.235665	-0.023778	0.006433	595254
bic_1	SPC.3.1	Car-L1.1	CAR-C27.1	V480	0.262717	0.279801	-0.022494	0.004643	590567
bic_1	SPC.3.1	Car-L1.1	CARC3.1	V480	0.257225	0.275627	-0.022299	0.007109	590040
bic_1	SPC.3.1	Car-L1.1	CAR-C4.1	V480	0.220589	0.239504	-0.025149	0.005886	597194
bic_1	SPC.3.1	Car-L1.1	CED1.1	V480	0.210159	0.228272	-0.023703	0.006226	593755
bic_1	SPC.3.1	Car-L1.1	CED2.1	V480	0.170422	0.18791	-0.023241	0.006577	602431
bic_1	SPC.3.1	Car-L1.1	CED3.1	V480	0.361576	0.378798	-0.0217	0.003827	570185
bic_1	SPC.3.1	Car-L1.1	CUY1.1	V480	0.293602	0.313272	-0.026915	0.003819	580004
bic_1	SPC.3.1	Car-L1.1	CUY.2.1	V480	0.30308	0.32172	-0.027057	0.001914	579372
bic_1	SPC.3.1	Car-L1.1	CUY3.1	V480	0.282217	0.300887	-0.025719	0.003607	584418
bic_1	SPC.3.1	Car-L1.1	GRM4.1	V480	0.226828	0.244143	-0.021974	0.006289	591514
bic_1	SPC.3.1	Car-L1.1	GRM5.1	V480	0.242919	0.260993	-0.024073	0.005054	590620
bic_1	SPC.3.1	Car-L1.1	IND2.1	V480	0.22817	0.246102	-0.02347	0.005823	595606
bic_1	SPC.3.1	Car-L1.1	IND5.1	V480	0.227539	0.24471	-0.023429	0.004643	595668
bic_1	SPC.3.1	Car-L1.1	IND6.1	V480	0.193671	0.211088	-0.022468	0.006723	602469
bic_1	SPC.3.1	Car-L1.1	MNZ1.1	V480	0.263146	0.283018	-0.024596	0.007051	586328
bic_1	SPC.3.1	Car-L1.1	MNZ2.1	V480	0.296255	0.314177	-0.024217	0.003853	582054
bic_1	SPC.3.1	Car-L1.1	ONC1.1	V480	0.250232	0.268591	-0.024978	0.004535	591681
bic_1	SPC.3.1	Car-L1.1	ONC2.1	V480	0.245989	0.263014	-0.022512	0.004963	592258
bic_1	SPC.3.1	Car-L1.1	ONC3.1	V480	0.193178	0.21093	-0.023718	0.006054	602823
bic_1	SPC.3.1	Car-L1.1	RED11.1	V480	0.212205	0.228832	-0.021542	0.005982	598629
bic_1	SPC.3.1	Car-L1.1	RED15.1	V480	0.255373	0.271989	-0.022659	0.003971	591216
bic_1	SPC.3.1	Car-L1.1	RED17.1	V480	0.201967	0.219256	-0.022067	0.006741	600953
bic_1	SPC.3.1	Car-L1.1	RED18.1	V480	0.203211	0.221249	-0.022973	0.00702	601033
bic_1	SPC.3.1	Car-L1.1	RED9.119	V480	0.236352	0.25477	-0.023509	0.006369	594669
bic_1	SPC.3.1	Car-L1.1	SHV.1.1	V480	0.292898	0.313638	-0.026453	0.005834	581807
bic_1	SPC.3.1	Car-L1.1	SLA1.1	V480	0.221401	0.239882	-0.024059	0.006251	597527
bic_1	SPC.3.1	Car-L1.1	SLA3.1	V480	0.210188	0.228679	-0.023943	0.006643	599521
bic_1	SPC.3.1	Car-L1.1	SLA5.1	V480	0.197905	0.216366	-0.024069	0.006826	600745
bic_1	SPC.3.1	Car-L1.1	WFM1.1	V480	0.253843	0.27455	-0.027952	0.005359	587835
bic_1	SPC.3.1	Car-L1.1	WFM2.2	V480	0.293673	0.31241	-0.023532	0.005768	581484
bic_1	SPC.3.1	Car-L1.1	WFM3.1	V480	0.287895	0.305301	-0.023488	0.003857	583595
bic_1	SPC.3.1	Car-L8.1b	ARS.1.1	V480	0.279491	0.297408	0.012526	0.039589	589505
bic_1	SPC.3.1	Car-L8.1b	ARS2.1	V480	0.275345	0.292948	0.013548	0.040191	587960
bic_1	SPC.3.1	Car-L8.1b	ARS3.1	V480	0.215656	0.233435	0.013005	0.041123	601421
bic_1	SPC.3.1	Car-L8.1b	CAR-C27.1	V480	0.260711	0.276312	0.01621	0.039918	596676
bic_1	SPC.3.1	Car-L8.1b	CARC3.1	V480	0.256124	0.273455	0.01582	0.0423	596125
bic_1	SPC.3.1	Car-L8.1b	CAR-C4.1	V480	0.218939	0.237187	0.012864	0.041504	603398
bic_1	SPC.3.1	Car-L8.1b	CED1.1	V480	0.209038	0.225769	0.014734	0.041169	599843
bic_1	SPC.3.1	Car-L8.1b	CED2.1	V480	0.169157	0.18546	0.014549	0.041124	608578
bic_1	SPC.3.1	Car-L8.1b	CED3.1	V480	0.359591	0.374967	0.017585	0.039386	576018
bic_1	SPC.3.1	Car-L8.1b	CUY1.1	V480	0.291555	0.310236	0.011407	0.03935	585994
bic_1	SPC.3.1	Car-L8.1b	CUY.2.1	V480	0.301352	0.318773	0.011861	0.037749	585369
bic_1	SPC.3.1	Car-L8.1b	CUY3.1	V480	0.279781	0.298304	0.012496	0.040322	590485
bic_1	SPC.3.1	Car-L8.1b	GRM4.1	V480	0.224697	0.241174	0.015502	0.041225	597605
bic_1	SPC.3.1	Car-L8.1b	GRM5.1	V480	0.240779	0.2579	0.01397	0.040363	596776
bic_1	SPC.3.1	Car-L8.1b	IND2.1	V480	0.226503	0.242921	0.015428	0.041097	601746
bic_1	SPC.3.1	Car-L8.1b	IND5.1	V480	0.226236	0.242144	0.015029	0.039901	601830
bic_1	SPC.3.1	Car-L8.1b	IND6.1	V480	0.192326	0.208223	0.016169	0.041656	608723
bic_1	SPC.3.1	Car-L8.1b	MNZ1.1	V480	0.26125	0.279525	0.014201	0.042053	592326
bic_1	SPC.3.1	Car-L8.1b	MNZ2.1	V480	0.293851	0.311635	0.013757	0.040366	588082
bic_1	SPC.3.1	Car-L8.1b	ONC1.1	V480	0.24847	0.265108	0.014124	0.039709	597800
bic_1	SPC.3.1	Car-L8.1b	ONC2.1	V480	0.245188	0.261493	0.015057	0.040221	598320
bic_1	SPC.3.1	Car-L8.1b	ONC3.1	V480	0.19248	0.20931	0.01393	0.040917	608954
bic_1	SPC.3.1	Car-L8.1b	RED11.1	V480	0.210311	0.226166	0.016266	0.041366	604803
bic_1	SPC.3.1	Car-L8.1b	RED15.1	V480	0.253552	0.268952	0.015847	0.039456	597322
bic_1	SPC.3.1	Car-L8.1b	RED17.1	V480	0.199954	0.216196	0.015915	0.04179	607133
bic_1	SPC.3.1	Car-L8.1b	RED18.1	V480	0.202316	0.219462	0.014868	0.042115	607191
bic_1	SPC.3.1	Car-L8.1b	RED9.119	V480	0.234538	0.251502	0.015031	0.041357	600729
bic_1	SPC.3.1	Car-L8.1b	SHV.1.1	V480	0.291353	0.310327	0.013043	0.041289	587827
bic_1	SPC.3.1	Car-L8.1b	SLA1.1	V480	0.219772	0.236921	0.014356	0.041244	603746
bic_1	SPC.3.1	Car-L8.1b	SLA3.1	V480	0.209382	0.226247	0.014897	0.041557	605682
bic_1	SPC.3.1	Car-L8.1b	SLA5.1	V480	0.197229	0.214375	0.014104	0.041537	606896
bic_1	SPC.3.1	Car-L8.1b	WFM1.1	V480	0.252451	0.271341	0.011762	0.040815	594004
bic_1	SPC.3.1	Car-L8.1b	WFM2.2	V480	0.291585	0.309673	0.014388	0.04146	587486
bic_1	SPC.3.1	Car-L8.1b	WFM3.1	V480	0.286196	0.302291	0.015419	0.03957	589657
bic_1	SPC.3.1	Holly	ARS.1.1	V480	0.275275	0.290933	0.041632	0.064461	593693
bic_1	SPC.3.1	Holly	ARS2.1	V480	0.271126	0.286455	0.041511	0.063919	592033
bic_1	SPC.3.1	Holly	ARS3.1	V480	0.211747	0.227052	0.042368	0.065721	605653
bic_1	SPC.3.1	Holly	CAR-C27.1	V480	0.256931	0.270744	0.043505	0.063782	600800
bic_1	SPC.3.1	Holly	CARC3.1	V480	0.251258	0.267165	0.04332	0.066791	600319
bic_1	SPC.3.1	Holly	CAR-C4.1	V480	0.21487	0.23082	0.040722	0.064911	607607
bic_1	SPC.3.1	Holly	CED1.1	V480	0.205099	0.219133	0.04439	0.065793	604163
bic_1	SPC.3.1	Holly	CED2.1	V480	0.165414	0.179688	0.043154	0.065619	612956
bic_1	SPC.3.1	Holly	CED3.1	V480	0.35489	0.368398	0.047017	0.065472	580123
bic_1	SPC.3.1	Holly	CUY1.1	V480	0.286894	0.302768	0.041063	0.063959	590187
bic_1	SPC.3.1	Holly	CUY.2.1	V480	0.296837	0.311834	0.040824	0.062334	589547
bic_1	SPC.3.1	Holly	CUY3.1	V480	0.275868	0.292112	0.041502	0.065028	594547
bic_1	SPC.3.1	Holly	GRM4.1	V480	0.221387	0.237185	0.042793	0.066575	601808
bic_1	SPC.3.1	Holly	GRM5.1	V480	0.237366	0.253421	0.040826	0.064711	600897
bic_1	SPC.3.1	Holly	IND2.1	V480	0.222319	0.237067	0.043251	0.065502	605928
bic_1	SPC.3.1	Holly	IND5.1	V480	0.221747	0.236028	0.042963	0.064509	606051
bic_1	SPC.3.1	Holly	IND6.1	V480	0.188547	0.20266	0.043599	0.065455	612938
bic_1	SPC.3.1	Holly	MNZ1.1	V480	0.256845	0.273274	0.042441	0.066598	596600
bic_1	SPC.3.1	Holly	MNZ2.1	V480	0.289698	0.304397	0.044564	0.065762	592221
bic_1	SPC.3.1	Holly	ONC1.1	V480	0.244549	0.259276	0.042766	0.064624	601930
bic_1	SPC.3.1	Holly	ONC2.1	V480	0.240171	0.254917	0.042997	0.06497	602564
bic_1	SPC.3.1	Holly	ONC3.1	V480	0.18788	0.203467	0.041209	0.065352	613335
bic_1	SPC.3.1	Holly	RED11.1	V480	0.206664	0.220238	0.044523	0.065277	609077
bic_1	SPC.3.1	Holly	RED15.1	V480	0.249472	0.262943	0.043171	0.063118	601481
bic_1	SPC.3.1	Holly	RED17.1	V480	0.196167	0.210923	0.043332	0.066032	611422
bic_1	SPC.3.1	Holly	RED18.1	V480	0.197729	0.213773	0.041508	0.066135	611507
bic_1	SPC.3.1	Holly	RED9.119	V480	0.230371	0.245426	0.04331	0.065852	604969
bic_1	SPC.3.1	Holly	SHV.1.1	V480	0.28715	0.306065	0.038912	0.066089	591952
bic_1	SPC.3.1	Holly	SLA1.1	V480	0.215622	0.230866	0.041335	0.064454	607901
bic_1	SPC.3.1	Holly	SLA3.1	V480	0.204582	0.220926	0.040935	0.065897	609953
bic_1	SPC.3.1	Holly	SLA5.1	V480	0.192451	0.209313	0.039704	0.065752	611153
bic_1	SPC.3.1	Holly	WFM1.1	V480	0.248208	0.26534	0.039476	0.064936	598214
bic_1	SPC.3.1	Holly	WFM2.2	V480	0.287286	0.303092	0.043493	0.066315	591607
bic_1	SPC.3.1	Holly	WFM3.1	V480	0.281277	0.295432	0.044918	0.065432	593814
bic_1	SPC.3.1	HST1.1	ARS.1.1	V480	0.277227	0.296935	0.028097	0.057365	592323
bic_1	SPC.3.1	HST1.1	ARS2.1	V480	0.273035	0.292664	0.027589	0.056814	590710
bic_1	SPC.3.1	HST1.1	ARS3.1	V480	0.213861	0.232826	0.029152	0.058638	604313
bic_1	SPC.3.1	HST1.1	CAR-C27.1	V480	0.258463	0.276519	0.0295	0.056492	599491
bic_1	SPC.3.1	HST1.1	CARC3.1	V480	0.253097	0.272826	0.029599	0.059232	598974
bic_1	SPC.3.1	HST1.1	CAR-C4.1	V480	0.216588	0.236056	0.027127	0.057188	606295
bic_1	SPC.3.1	HST1.1	CED1.1	V480	0.206714	0.226011	0.028489	0.058443	602754
bic_1	SPC.3.1	HST1.1	CED2.1	V480	0.16711	0.185684	0.0284	0.058167	611518
bic_1	SPC.3.1	HST1.1	CED3.1	V480	0.356809	0.374992	0.032152	0.057474	578782
bic_1	SPC.3.1	HST1.1	CUY1.1	V480	0.288787	0.308744	0.028702	0.058017	588884
bic_1	SPC.3.1	HST1.1	CUY.2.1	V480	0.298987	0.318153	0.027712	0.055714	588130
bic_1	SPC.3.1	HST1.1	CUY3.1	V480	0.277791	0.296783	0.02941	0.057434	593234
bic_1	SPC.3.1	HST1.1	GRM4.1	V480	0.222806	0.240764	0.030676	0.058231	600467
bic_1	SPC.3.1	HST1.1	GRM5.1	V480	0.238955	0.25736	0.029477	0.057373	599613
bic_1	SPC.3.1	HST1.1	IND2.1	V480	0.22402	0.24263	0.029213	0.057813	604599
bic_1	SPC.3.1	HST1.1	IND5.1	V480	0.223557	0.242128	0.028501	0.057036	604661
bic_1	SPC.3.1	HST1.1	IND6.1	V480	0.190011	0.208584	0.02897	0.058251	611561
bic_1	SPC.3.1	HST1.1	MNZ1.1	V480	0.259013	0.27936	0.028874	0.059348	595218
bic_1	SPC.3.1	HST1.1	MNZ2.1	V480	0.2918	0.311128	0.029603	0.058015	590862
bic_1	SPC.3.1	HST1.1	ONC1.1	V480	0.245889	0.26514	0.027444	0.05656	600620
bic_1	SPC.3.1	HST1.1	ONC2.1	V480	0.241625	0.260988	0.02796	0.057322	601207
bic_1	SPC.3.1	HST1.1	ONC3.1	V480	0.189562	0.209258	0.026099	0.057161	611940
bic_1	SPC.3.1	HST1.1	RED11.1	V480	0.208426	0.22659	0.029893	0.058151	607682
bic_1	SPC.3.1	HST1.1	RED15.1	V480	0.251055	0.268524	0.028936	0.055299	600182
bic_1	SPC.3.1	HST1.1	RED17.1	V480	0.197906	0.216447	0.029532	0.05857	610067
bic_1	SPC.3.1	HST1.1	RED18.1	V480	0.199292	0.219402	0.027123	0.058558	610118
bic_1	SPC.3.1	HST1.1	RED9.119	V480	0.232123	0.250877	0.029696	0.058311	603607
bic_1	SPC.3.1	HST1.1	SHV.1.1	V480	0.288755	0.309969	0.027116	0.05817	590649
bic_1	SPC.3.1	HST1.1	SLA1.1	V480	0.217128	0.236079	0.027496	0.056763	606579
bic_1	SPC.3.1	HST1.1	SLA3.1	V480	0.206183	0.226199	0.027063	0.058199	608576
bic_1	SPC.3.1	HST1.1	SLA5.1	V480	0.194014	0.214442	0.026079	0.058231	609803
bic_1	SPC.3.1	HST1.1	WFM1.1	V480	0.250364	0.270743	0.027041	0.057863	596795
bic_1	SPC.3.1	HST1.1	WFM2.2	V480	0.289223	0.309096	0.029657	0.05889	590266
bic_1	SPC.3.1	HST1.1	WFM3.1	V480	0.283618	0.300948	0.031787	0.057352	592427
bic_1	SPC.3.1	HST2.1	ARS.1.1	V480	0.277034	0.296523	0.037353	0.065937	593720
bic_1	SPC.3.1	HST2.1	ARS2.1	V480	0.272698	0.291875	0.037151	0.065368	592094
bic_1	SPC.3.1	HST2.1	ARS3.1	V480	0.213446	0.23238	0.038295	0.067369	605665
bic_1	SPC.3.1	HST2.1	CAR-C27.1	V480	0.258339	0.275939	0.038521	0.06452	600841
bic_1	SPC.3.1	HST2.1	CARC3.1	V480	0.252929	0.272737	0.03837	0.067761	600310
bic_1	SPC.3.1	HST2.1	CAR-C4.1	V480	0.216461	0.235319	0.036514	0.065281	607627
bic_1	SPC.3.1	HST2.1	CED1.1	V480	0.206606	0.225627	0.037942	0.067113	604177
bic_1	SPC.3.1	HST2.1	CED2.1	V480	0.167126	0.185538	0.037642	0.066794	612915
bic_1	SPC.3.1	HST2.1	CED3.1	V480	0.356614	0.374241	0.041702	0.065955	580156
bic_1	SPC.3.1	HST2.1	CUY1.1	V480	0.288717	0.307825	0.038416	0.066145	590212
bic_1	SPC.3.1	HST2.1	CUY.2.1	V480	0.298508	0.317446	0.036913	0.064253	589506
bic_1	SPC.3.1	HST2.1	CUY3.1	V480	0.277298	0.295793	0.039008	0.065969	594653
bic_1	SPC.3.1	HST2.1	GRM4.1	V480	0.222529	0.240452	0.039306	0.066492	601804
bic_1	SPC.3.1	HST2.1	GRM5.1	V480	0.238531	0.256895	0.037986	0.065513	600932
bic_1	SPC.3.1	HST2.1	IND2.1	V480	0.223707	0.24213	0.038424	0.066396	606002
bic_1	SPC.3.1	HST2.1	IND5.1	V480	0.223297	0.241747	0.037409	0.06542	606043
bic_1	SPC.3.1	HST2.1	IND6.1	V480	0.189787	0.208175	0.037896	0.066541	612994
bic_1	SPC.3.1	HST2.1	MNZ1.1	V480	0.25859	0.278646	0.03819	0.067866	596623
bic_1	SPC.3.1	HST2.1	MNZ2.1	V480	0.291824	0.310465	0.039289	0.066365	592221
bic_1	SPC.3.1	HST2.1	ONC1.1	V480	0.245927	0.264769	0.036839	0.064992	601999
bic_1	SPC.3.1	HST2.1	ONC2.1	V480	0.241345	0.260801	0.036715	0.065864	602613
bic_1	SPC.3.1	HST2.1	ONC3.1	V480	0.189455	0.208839	0.03551	0.06572	613367
bic_1	SPC.3.1	HST2.1	RED11.1	V480	0.208375	0.226121	0.039445	0.06673	609096
bic_1	SPC.3.1	HST2.1	RED15.1	V480	0.250934	0.26833	0.038211	0.064147	601552
bic_1	SPC.3.1	HST2.1	RED17.1	V480	0.197927	0.216265	0.038621	0.066998	611480
bic_1	SPC.3.1	HST2.1	RED18.1	V480	0.199277	0.219351	0.036121	0.067128	611542
bic_1	SPC.3.1	HST2.1	RED9.119	V480	0.231794	0.250644	0.038453	0.066874	605011
bic_1	SPC.3.1	HST2.1	SHV.1.1	V480	0.288487	0.309457	0.036251	0.066584	591993
bic_1	SPC.3.1	HST2.1	SLA1.1	V480	0.217173	0.235749	0.036915	0.065258	607963
bic_1	SPC.3.1	HST2.1	SLA3.1	V480	0.206176	0.225945	0.036495	0.066875	609957
bic_1	SPC.3.1	HST2.1	SLA5.1	V480	0.194071	0.214231	0.035399	0.066745	611219
bic_1	SPC.3.1	HST2.1	WFM1.1	V480	0.250047	0.270188	0.036014	0.066125	598173
bic_1	SPC.3.1	HST2.1	WFM2.2	V480	0.289146	0.30871	0.03836	0.066799	591579
bic_1	SPC.3.1	HST2.1	WFM3.1	V480	0.283106	0.300491	0.040513	0.065851	593844
bic_1	SPC.3.1	IOM3.1.1	ARS.1.1	V480	0.279489	0.282359	0.10671	0.120349	590056
bic_1	SPC.3.1	IOM3.1.1	ARS2.1	V480	0.275039	0.277933	0.109191	0.12297	588380
bic_1	SPC.3.1	IOM3.1.1	ARS3.1	V480	0.215617	0.219079	0.105591	0.122755	601874
bic_1	SPC.3.1	IOM3.1.1	CAR-C27.1	V480	0.260937	0.263814	0.107696	0.121358	597154
bic_1	SPC.3.1	IOM3.1.1	CARC3.1	V480	0.25536	0.258399	0.107017	0.121585	596636
bic_1	SPC.3.1	IOM3.1.1	CAR-C4.1	V480	0.218748	0.221142	0.110604	0.122386	603859
bic_1	SPC.3.1	IOM3.1.1	CED1.1	V480	0.209181	0.212972	0.103231	0.122029	600431
bic_1	SPC.3.1	IOM3.1.1	CED2.1	V480	0.168835	0.172876	0.101938	0.122578	609200
bic_1	SPC.3.1	IOM3.1.1	CED3.1	V480	0.35998	0.36436	0.10627	0.12568	576587
bic_1	SPC.3.1	IOM3.1.1	CUY1.1	V480	0.291247	0.294486	0.107094	0.122323	586533
bic_1	SPC.3.1	IOM3.1.1	CUY.2.1	V480	0.301345	0.304821	0.109567	0.125759	585842
bic_1	SPC.3.1	IOM3.1.1	CUY3.1	V480	0.279959	0.283248	0.10704	0.122541	590942
bic_1	SPC.3.1	IOM3.1.1	GRM4.1	V480	0.223656	0.226621	0.104341	0.1189	597992
bic_1	SPC.3.1	IOM3.1.1	GRM5.1	V480	0.240507	0.243183	0.107793	0.120729	597164
bic_1	SPC.3.1	IOM3.1.1	IND2.1	V480	0.226148	0.228641	0.107503	0.119707	602254
bic_1	SPC.3.1	IOM3.1.1	IND5.1	V480	0.225695	0.228641	0.106349	0.120741	602290
bic_1	SPC.3.1	IOM3.1.1	IND6.1	V480	0.191486	0.194437	0.106502	0.121348	609258
bic_1	SPC.3.1	IOM3.1.1	MNZ1.1	V480	0.26152	0.264522	0.108918	0.123261	592882
bic_1	SPC.3.1	IOM3.1.1	MNZ2.1	V480	0.29438	0.297819	0.108469	0.124539	588548
bic_1	SPC.3.1	IOM3.1.1	ONC1.1	V480	0.248709	0.251952	0.10621	0.121842	598242
bic_1	SPC.3.1	IOM3.1.1	ONC2.1	V480	0.244367	0.247595	0.107391	0.123008	598834
bic_1	SPC.3.1	IOM3.1.1	ONC3.1	V480	0.191739	0.195591	0.101224	0.120555	609602
bic_1	SPC.3.1	IOM3.1.1	RED11.1	V480	0.210286	0.213591	0.103178	0.119573	605356
bic_1	SPC.3.1	IOM3.1.1	RED15.1	V480	0.25328	0.255859	0.107914	0.120321	597856
bic_1	SPC.3.1	IOM3.1.1	RED17.1	V480	0.199797	0.203829	0.101974	0.122137	607680
bic_1	SPC.3.1	IOM3.1.1	RED18.1	V480	0.201433	0.204499	0.106461	0.121746	607739
bic_1	SPC.3.1	IOM3.1.1	RED9.119	V480	0.234483	0.237437	0.106909	0.121291	601288
bic_1	SPC.3.1	IOM3.1.1	SHV.1.1	V480	0.290734	0.294686	0.107748	0.126216	588284
bic_1	SPC.3.1	IOM3.1.1	SLA1.1	V480	0.219179	0.222775	0.103983	0.121604	604271
bic_1	SPC.3.1	IOM3.1.1	SLA3.1	V480	0.208142	0.211357	0.106105	0.122	606275
bic_1	SPC.3.1	IOM3.1.1	SLA5.1	V480	0.196301	0.200029	0.103808	0.122481	607400
bic_1	SPC.3.1	IOM3.1.1	WFM1.1	V480	0.252891	0.25711	0.105192	0.125531	594447
bic_1	SPC.3.1	IOM3.1.1	WFM2.2	V480	0.292234	0.295673	0.109673	0.125775	587943
bic_1	SPC.3.1	IOM3.1.1	WFM3.1	V480	0.2859	0.28936	0.106907	0.12317	590200
bic_1	SPC.3.1	JAC1.1	ARS.1.1	V480	0.276007	0.291082	0.041706	0.063679	595092
bic_1	SPC.3.1	JAC1.1	ARS2.1	V480	0.271797	0.286543	0.042399	0.063931	593403
bic_1	SPC.3.1	JAC1.1	ARS3.1	V480	0.212643	0.227637	0.041568	0.064461	607065
bic_1	SPC.3.1	JAC1.1	CAR-C27.1	V480	0.257693	0.271118	0.043423	0.0631	602243
bic_1	SPC.3.1	JAC1.1	CARC3.1	V480	0.252175	0.267383	0.043073	0.065492	601736
bic_1	SPC.3.1	JAC1.1	CAR-C4.1	V480	0.215794	0.230749	0.040907	0.063556	609005
bic_1	SPC.3.1	JAC1.1	CED1.1	V480	0.20588	0.219991	0.042438	0.063958	605530
bic_1	SPC.3.1	JAC1.1	CED2.1	V480	0.166254	0.180272	0.042517	0.064564	614365
bic_1	SPC.3.1	JAC1.1	CED3.1	V480	0.355785	0.369161	0.045126	0.063433	581499
bic_1	SPC.3.1	JAC1.1	CUY1.1	V480	0.287522	0.302523	0.041446	0.063095	591620
bic_1	SPC.3.1	JAC1.1	CUY.2.1	V480	0.297682	0.310268	0.042767	0.060824	590895
bic_1	SPC.3.1	JAC1.1	CUY3.1	V480	0.276447	0.291667	0.041532	0.063597	596042
bic_1	SPC.3.1	JAC1.1	GRM4.1	V480	0.221576	0.236477	0.04183	0.06428	603239
bic_1	SPC.3.1	JAC1.1	GRM5.1	V480	0.237735	0.253547	0.041017	0.064535	602320
bic_1	SPC.3.1	JAC1.1	IND2.1	V480	0.22308	0.237252	0.042315	0.063691	607427
bic_1	SPC.3.1	JAC1.1	IND5.1	V480	0.222488	0.236906	0.041104	0.062847	607521
bic_1	SPC.3.1	JAC1.1	IND6.1	V480	0.188922	0.203019	0.042263	0.064077	614450
bic_1	SPC.3.1	JAC1.1	MNZ1.1	V480	0.257678	0.272974	0.041672	0.064172	597991
bic_1	SPC.3.1	JAC1.1	MNZ2.1	V480	0.290575	0.30427	0.043238	0.063002	593606
bic_1	SPC.3.1	JAC1.1	ONC1.1	V480	0.24497	0.259441	0.041222	0.062691	603396
bic_1	SPC.3.1	JAC1.1	ONC2.1	V480	0.241129	0.255209	0.042588	0.063555	603985
bic_1	SPC.3.1	JAC1.1	ONC3.1	V480	0.1887	0.20349	0.040496	0.063389	614757
bic_1	SPC.3.1	JAC1.1	RED11.1	V480	0.20756	0.221528	0.042263	0.063596	610502
bic_1	SPC.3.1	JAC1.1	RED15.1	V480	0.250281	0.263719	0.04254	0.062422	602934
bic_1	SPC.3.1	JAC1.1	RED17.1	V480	0.197164	0.211723	0.041673	0.064056	612857
bic_1	SPC.3.1	JAC1.1	RED18.1	V480	0.198728	0.21306	0.042355	0.064337	612898
bic_1	SPC.3.1	JAC1.1	RED9.119	V480	0.231263	0.246023	0.042379	0.064471	606439
bic_1	SPC.3.1	JAC1.1	SHV.1.1	V480	0.287721	0.303497	0.042247	0.064922	593330
bic_1	SPC.3.1	JAC1.1	SLA1.1	V480	0.216577	0.23185	0.040656	0.063782	609401
bic_1	SPC.3.1	JAC1.1	SLA3.1	V480	0.205362	0.22032	0.041872	0.064702	611386
bic_1	SPC.3.1	JAC1.1	SLA5.1	V480	0.19335	0.208585	0.040892	0.06442	612590
bic_1	SPC.3.1	JAC1.1	WFM1.1	V480	0.249112	0.265562	0.039703	0.064123	599582
bic_1	SPC.3.1	JAC1.1	WFM2.2	V480	0.288394	0.303038	0.043753	0.064881	592985
bic_1	SPC.3.1	JAC1.1	WFM3.1	V480	0.282077	0.294917	0.044475	0.063088	595199
bic_1	SPC.3.1	JAC2.1	ARS.1.1	V480	0.276013	0.292274	0.038953	0.062731	594275
bic_1	SPC.3.1	JAC2.1	ARS2.1	V480	0.271918	0.287915	0.038757	0.062208	592596
bic_1	SPC.3.1	JAC2.1	ARS3.1	V480	0.213008	0.229775	0.03777	0.063452	606176
bic_1	SPC.3.1	JAC2.1	CAR-C27.1	V480	0.257734	0.272427	0.040016	0.061633	601381
bic_1	SPC.3.1	JAC2.1	CARC3.1	V480	0.252212	0.26822	0.040367	0.064058	600855
bic_1	SPC.3.1	JAC2.1	CAR-C4.1	V480	0.21582	0.232231	0.037664	0.0626	608116
bic_1	SPC.3.1	JAC2.1	CED1.1	V480	0.2059	0.222405	0.03767	0.062914	604711
bic_1	SPC.3.1	JAC2.1	CED2.1	V480	0.166337	0.182363	0.037921	0.063213	613457
bic_1	SPC.3.1	JAC2.1	CED3.1	V480	0.355915	0.371263	0.040869	0.061948	580646
bic_1	SPC.3.1	JAC2.1	CUY1.1	V480	0.287948	0.30427	0.038377	0.062017	590737
bic_1	SPC.3.1	JAC2.1	CUY.2.1	V480	0.298199	0.312766	0.038833	0.059812	590015
bic_1	SPC.3.1	JAC2.1	CUY3.1	V480	0.276667	0.293262	0.038529	0.062674	595122
bic_1	SPC.3.1	JAC2.1	GRM4.1	V480	0.221693	0.238163	0.03844	0.06333	602362
bic_1	SPC.3.1	JAC2.1	GRM5.1	V480	0.238092	0.255634	0.037185	0.063364	601424
bic_1	SPC.3.1	JAC2.1	IND2.1	V480	0.223253	0.238957	0.038787	0.062558	606465
bic_1	SPC.3.1	JAC2.1	IND5.1	V480	0.222892	0.238561	0.037767	0.061479	606538
bic_1	SPC.3.1	JAC2.1	IND6.1	V480	0.189162	0.204612	0.039172	0.063157	613500
bic_1	SPC.3.1	JAC2.1	MNZ1.1	V480	0.257929	0.2739	0.039116	0.062708	597104
bic_1	SPC.3.1	JAC2.1	MNZ2.1	V480	0.29097	0.305607	0.040466	0.061686	592734
bic_1	SPC.3.1	JAC2.1	ONC1.1	V480	0.245241	0.260439	0.038513	0.061144	602522
bic_1	SPC.3.1	JAC2.1	ONC2.1	V480	0.241355	0.25596	0.04033	0.06216	603057
bic_1	SPC.3.1	JAC2.1	ONC3.1	V480	0.188869	0.203989	0.038458	0.061953	613844
bic_1	SPC.3.1	JAC2.1	RED11.1	V480	0.207856	0.222546	0.039913	0.062419	609554
bic_1	SPC.3.1	JAC2.1	RED15.1	V480	0.250425	0.265076	0.039576	0.061324	602066
bic_1	SPC.3.1	JAC2.1	RED17.1	V480	0.19752	0.213613	0.038201	0.063021	611946
bic_1	SPC.3.1	JAC2.1	RED18.1	V480	0.198785	0.214525	0.038798	0.063025	611969
bic_1	SPC.3.1	JAC2.1	RED9.119	V480	0.231334	0.247419	0.039221	0.063397	605518
bic_1	SPC.3.1	JAC2.1	SHV.1.1	V480	0.287724	0.305615	0.037953	0.063746	592457
bic_1	SPC.3.1	JAC2.1	SLA1.1	V480	0.216745	0.232638	0.037986	0.062139	608493
bic_1	SPC.3.1	JAC2.1	SLA3.1	V480	0.205746	0.221847	0.038424	0.063079	610470
bic_1	SPC.3.1	JAC2.1	SLA5.1	V480	0.193582	0.210348	0.037405	0.06339	611687
bic_1	SPC.3.1	JAC2.1	WFM1.1	V480	0.24936	0.266747	0.036499	0.062395	598661
bic_1	SPC.3.1	JAC2.1	WFM2.2	V480	0.288543	0.304338	0.040972	0.06384	592104
bic_1	SPC.3.1	JAC2.1	WFM3.1	V480	0.282486	0.297346	0.040594	0.062208	594339
bic_1	SPC.3.1	JAC4.1	ARS.1.1	V480	0.276572	0.290555	0.035247	0.055874	593903
bic_1	SPC.3.1	JAC4.1	ARS2.1	V480	0.272053	0.286184	0.035353	0.056234	592201
bic_1	SPC.3.1	JAC4.1	ARS3.1	V480	0.213118	0.227711	0.034723	0.057255	605844
bic_1	SPC.3.1	JAC4.1	CAR-C27.1	V480	0.257842	0.270618	0.03676	0.055711	601029
bic_1	SPC.3.1	JAC4.1	CARC3.1	V480	0.252029	0.266525	0.036378	0.058013	600545
bic_1	SPC.3.1	JAC4.1	CAR-C4.1	V480	0.216065	0.230698	0.034134	0.056551	607792
bic_1	SPC.3.1	JAC4.1	CED1.1	V480	0.206107	0.220133	0.035111	0.056746	604338
bic_1	SPC.3.1	JAC4.1	CED2.1	V480	0.166445	0.180424	0.034734	0.056976	613145
bic_1	SPC.3.1	JAC4.1	CED3.1	V480	0.356037	0.369135	0.03779	0.055923	580371
bic_1	SPC.3.1	JAC4.1	CUY1.1	V480	0.287803	0.302319	0.034246	0.055443	590421
bic_1	SPC.3.1	JAC4.1	CUY.2.1	V480	0.29815	0.31043	0.035434	0.053261	589680
bic_1	SPC.3.1	JAC4.1	CUY3.1	V480	0.276776	0.290972	0.035973	0.056792	594841
bic_1	SPC.3.1	JAC4.1	GRM4.1	V480	0.221906	0.235785	0.035787	0.05694	602030
bic_1	SPC.3.1	JAC4.1	GRM5.1	V480	0.238202	0.253069	0.034741	0.057113	601110
bic_1	SPC.3.1	JAC4.1	IND2.1	V480	0.223228	0.237037	0.035752	0.056826	606177
bic_1	SPC.3.1	JAC4.1	IND5.1	V480	0.222748	0.236719	0.034452	0.055767	606251
bic_1	SPC.3.1	JAC4.1	IND6.1	V480	0.189215	0.202566	0.036011	0.056914	613189
bic_1	SPC.3.1	JAC4.1	MNZ1.1	V480	0.258349	0.272729	0.035144	0.056558	596798
bic_1	SPC.3.1	JAC4.1	MNZ2.1	V480	0.290807	0.303782	0.036288	0.055241	592476
bic_1	SPC.3.1	JAC4.1	ONC1.1	V480	0.245119	0.259039	0.034648	0.05554	602202
bic_1	SPC.3.1	JAC4.1	ONC2.1	V480	0.241179	0.254203	0.036358	0.055993	602755
bic_1	SPC.3.1	JAC4.1	ONC3.1	V480	0.188868	0.202762	0.034254	0.056014	613559
bic_1	SPC.3.1	JAC4.1	RED11.1	V480	0.207839	0.22077	0.036475	0.056457	609278
bic_1	SPC.3.1	JAC4.1	RED15.1	V480	0.250425	0.263222	0.036169	0.055329	601740
bic_1	SPC.3.1	JAC4.1	RED17.1	V480	0.197386	0.211526	0.034919	0.056915	611648
bic_1	SPC.3.1	JAC4.1	RED18.1	V480	0.198622	0.212257	0.036154	0.057321	611671
bic_1	SPC.3.1	JAC4.1	RED9.119	V480	0.231471	0.245314	0.03621	0.057188	605254
bic_1	SPC.3.1	JAC4.1	SHV.1.1	V480	0.28799	0.302699	0.036287	0.057675	592147
bic_1	SPC.3.1	JAC4.1	SLA1.1	V480	0.216581	0.230702	0.034581	0.056215	608158
bic_1	SPC.3.1	JAC4.1	SLA3.1	V480	0.205556	0.220071	0.035108	0.057522	610182
bic_1	SPC.3.1	JAC4.1	SLA5.1	V480	0.193523	0.208323	0.033999	0.057123	611338
bic_1	SPC.3.1	JAC4.1	WFM1.1	V480	0.249454	0.265485	0.033056	0.057137	598365
bic_1	SPC.3.1	JAC4.1	WFM2.2	V480	0.288682	0.302331	0.037443	0.05737	591777
bic_1	SPC.3.1	JAC4.1	WFM3.1	V480	0.28249	0.295031	0.037504	0.055903	594024
bic_1	SPC.3.1	LH217.1	ARS.1.1	V480	0.279668	0.293753	0.009594	0.031061	588641
bic_1	SPC.3.1	LH217.1	ARS2.1	V480	0.275505	0.288838	0.010199	0.030562	587051
bic_1	SPC.3.1	LH217.1	ARS3.1	V480	0.21627	0.229466	0.01109	0.032135	600428
bic_1	SPC.3.1	LH217.1	CAR-C27.1	V480	0.261136	0.273012	0.012069	0.030268	595670
bic_1	SPC.3.1	LH217.1	CARC3.1	V480	0.255966	0.269411	0.011687	0.032402	595186
bic_1	SPC.3.1	LH217.1	CAR-C4.1	V480	0.219714	0.232716	0.010768	0.031346	602372
bic_1	SPC.3.1	LH217.1	CED1.1	V480	0.209781	0.222796	0.010951	0.031682	598878
bic_1	SPC.3.1	LH217.1	CED2.1	V480	0.169723	0.182323	0.011137	0.031847	607662
bic_1	SPC.3.1	LH217.1	CED3.1	V480	0.360677	0.372976	0.012494	0.030069	575190
bic_1	SPC.3.1	LH217.1	CUY1.1	V480	0.291787	0.305296	0.009799	0.030172	585136
bic_1	SPC.3.1	LH217.1	CUY.2.1	V480	0.301869	0.314307	0.009854	0.028502	584501
bic_1	SPC.3.1	LH217.1	CUY3.1	V480	0.28035	0.293955	0.009437	0.030059	589477
bic_1	SPC.3.1	LH217.1	GRM4.1	V480	0.225048	0.239051	0.010037	0.032088	596675
bic_1	SPC.3.1	LH217.1	GRM5.1	V480	0.241725	0.256347	0.008934	0.031667	595795
bic_1	SPC.3.1	LH217.1	IND2.1	V480	0.226929	0.239606	0.011057	0.031046	600703
bic_1	SPC.3.1	LH217.1	IND5.1	V480	0.22639	0.238992	0.010223	0.030088	600779
bic_1	SPC.3.1	LH217.1	IND6.1	V480	0.192549	0.204953	0.011391	0.031456	607655
bic_1	SPC.3.1	LH217.1	MNZ1.1	V480	0.2617	0.275779	0.009986	0.031628	591565
bic_1	SPC.3.1	LH217.1	MNZ2.1	V480	0.293905	0.306551	0.010992	0.030093	587196
bic_1	SPC.3.1	LH217.1	ONC1.1	V480	0.248973	0.261818	0.010493	0.03041	596872
bic_1	SPC.3.1	LH217.1	ONC2.1	V480	0.244812	0.257088	0.01165	0.030774	597379
bic_1	SPC.3.1	LH217.1	ONC3.1	V480	0.192067	0.204596	0.010646	0.03092	608046
bic_1	SPC.3.1	LH217.1	RED11.1	V480	0.211195	0.223155	0.011696	0.030785	603803
bic_1	SPC.3.1	LH217.1	RED15.1	V480	0.254171	0.265748	0.011712	0.029617	596325
bic_1	SPC.3.1	LH217.1	RED17.1	V480	0.201271	0.214003	0.011091	0.031538	606140
bic_1	SPC.3.1	LH217.1	RED18.1	V480	0.202261	0.215348	0.010697	0.031683	606196
bic_1	SPC.3.1	LH217.1	RED9.119	V480	0.234878	0.248018	0.011059	0.031631	599783
bic_1	SPC.3.1	LH217.1	SHV.1.1	V480	0.29121	0.306845	0.008578	0.032074	586937
bic_1	SPC.3.1	LH217.1	SLA1.1	V480	0.219996	0.233166	0.010013	0.030859	602720
bic_1	SPC.3.1	LH217.1	SLA3.1	V480	0.209227	0.222149	0.010888	0.031505	604645
bic_1	SPC.3.1	LH217.1	SLA5.1	V480	0.19679	0.210117	0.010434	0.031951	605913
bic_1	SPC.3.1	LH217.1	WFM1.1	V480	0.252837	0.267608	0.008144	0.031065	593032
bic_1	SPC.3.1	LH217.1	WFM2.2	V480	0.291931	0.305442	0.011174	0.031555	586568
bic_1	SPC.3.1	LH217.1	WFM3.1	V480	0.286918	0.29847	0.012523	0.030028	588705
bic_1	SPC.3.1	LH223.1	ARS.1.1	V480	0.278758	0.291848	0.020605	0.040329	590750
bic_1	SPC.3.1	LH223.1	ARS2.1	V480	0.274316	0.287023	0.020757	0.039954	589090
bic_1	SPC.3.1	LH223.1	ARS3.1	V480	0.215268	0.227741	0.021357	0.041036	602567
bic_1	SPC.3.1	LH223.1	CAR-C27.1	V480	0.259932	0.27113	0.022258	0.039229	597785
bic_1	SPC.3.1	LH223.1	CARC3.1	V480	0.254655	0.267484	0.022115	0.041678	597275
bic_1	SPC.3.1	LH223.1	CAR-C4.1	V480	0.218514	0.230769	0.021229	0.040417	604521
bic_1	SPC.3.1	LH223.1	CED1.1	V480	0.208654	0.221615	0.020182	0.040601	601048
bic_1	SPC.3.1	LH223.1	CED2.1	V480	0.16862	0.181187	0.020282	0.040715	609806
bic_1	SPC.3.1	LH223.1	CED3.1	V480	0.358983	0.370458	0.022853	0.03907	577220
bic_1	SPC.3.1	LH223.1	CUY1.1	V480	0.290697	0.303965	0.019686	0.039476	587224
bic_1	SPC.3.1	LH223.1	CUY.2.1	V480	0.300503	0.312234	0.020094	0.037491	586523
bic_1	SPC.3.1	LH223.1	CUY3.1	V480	0.279149	0.292588	0.01916	0.0393	591606
bic_1	SPC.3.1	LH223.1	GRM4.1	V480	0.224015	0.237216	0.020653	0.041204	598821
bic_1	SPC.3.1	LH223.1	GRM5.1	V480	0.240808	0.254745	0.019227	0.040643	597929
bic_1	SPC.3.1	LH223.1	IND2.1	V480	0.225787	0.23787	0.021751	0.040597	602859
bic_1	SPC.3.1	LH223.1	IND5.1	V480	0.225224	0.237123	0.020882	0.039436	602965
bic_1	SPC.3.1	LH223.1	IND6.1	V480	0.191485	0.203148	0.021902	0.04056	609841
bic_1	SPC.3.1	LH223.1	MNZ1.1	V480	0.26041	0.273824	0.02092	0.041309	593642
bic_1	SPC.3.1	LH223.1	MNZ2.1	V480	0.29302	0.305038	0.02141	0.039356	589298
bic_1	SPC.3.1	LH223.1	ONC1.1	V480	0.247417	0.259299	0.021183	0.039408	598945
bic_1	SPC.3.1	LH223.1	ONC2.1	V480	0.243525	0.255222	0.022008	0.040023	599524
bic_1	SPC.3.1	LH223.1	ONC3.1	V480	0.191274	0.20296	0.021479	0.040182	610212
bic_1	SPC.3.1	LH223.1	RED11.1	V480	0.209881	0.221194	0.02247	0.040332	605972
bic_1	SPC.3.1	LH223.1	RED15.1	V480	0.252829	0.263689	0.02252	0.03913	598523
bic_1	SPC.3.1	LH223.1	RED17.1	V480	0.199937	0.211727	0.021786	0.040522	608318
bic_1	SPC.3.1	LH223.1	RED18.1	V480	0.200883	0.213088	0.021438	0.040799	608370
bic_1	SPC.3.1	LH223.1	RED9.119	V480	0.23352	0.24597	0.021579	0.040858	601961
bic_1	SPC.3.1	LH223.1	SHV.1.1	V480	0.290407	0.304275	0.020573	0.041181	589020
bic_1	SPC.3.1	LH223.1	SLA1.1	V480	0.219052	0.231717	0.020167	0.039997	604886
bic_1	SPC.3.1	LH223.1	SLA3.1	V480	0.207989	0.220709	0.021258	0.041325	606845
bic_1	SPC.3.1	LH223.1	SLA5.1	V480	0.195729	0.208648	0.020515	0.041148	608044
bic_1	SPC.3.1	LH223.1	WFM1.1	V480	0.251516	0.26578	0.018163	0.040055	595145
bic_1	SPC.3.1	LH223.1	WFM2.2	V480	0.290678	0.303649	0.021584	0.040935	588608
bic_1	SPC.3.1	LH223.1	WFM3.1	V480	0.285067	0.296681	0.021776	0.039182	590833
bic_1	SPC.3.1	LH266.1	ARS.1.1	V480	0.279283	0.294867	-0.00072	0.023717	589909
bic_1	SPC.3.1	LH266.1	ARS2.1	V480	0.275003	0.28984	-0.00056	0.022765	588279
bic_1	SPC.3.1	LH266.1	ARS3.1	V480	0.215766	0.230599	0.000865	0.025217	601791
bic_1	SPC.3.1	LH266.1	CAR-C27.1	V480	0.260582	0.274403	0.001383	0.023191	596974
bic_1	SPC.3.1	LH266.1	CARC3.1	V480	0.255216	0.270518	0.000992	0.025268	596522
bic_1	SPC.3.1	LH266.1	CAR-C4.1	V480	0.218892	0.234397	-0.000931	0.024329	603708
bic_1	SPC.3.1	LH266.1	CED1.1	V480	0.208454	0.223879	-0.000901	0.024388	600241
bic_1	SPC.3.1	LH266.1	CED2.1	V480	0.168457	0.183653	-0.000488	0.025222	608998
bic_1	SPC.3.1	LH266.1	CED3.1	V480	0.359522	0.373996	0.000476	0.021774	576416
bic_1	SPC.3.1	LH266.1	CUY1.1	V480	0.290822	0.306548	-0.00199	0.022435	586475
bic_1	SPC.3.1	LH266.1	CUY.2.1	V480	0.300642	0.315059	-0.001558	0.020693	585796
bic_1	SPC.3.1	LH266.1	CUY3.1	V480	0.279477	0.295116	-0.00122	0.023182	590829
bic_1	SPC.3.1	LH266.1	GRM4.1	V480	0.224433	0.239893	0.000231	0.025277	597981
bic_1	SPC.3.1	LH266.1	GRM5.1	V480	0.240727	0.256888	-0.000785	0.025073	597066
bic_1	SPC.3.1	LH266.1	IND2.1	V480	0.225906	0.239908	0.001496	0.024232	602094
bic_1	SPC.3.1	LH266.1	IND5.1	V480	0.225471	0.23942	0.000633	0.023273	602194
bic_1	SPC.3.1	LH266.1	IND6.1	V480	0.191475	0.205328	0.001724	0.024787	609067
bic_1	SPC.3.1	LH266.1	MNZ1.1	V480	0.260723	0.276721	-0.000911	0.024421	592824
bic_1	SPC.3.1	LH266.1	MNZ2.1	V480	0.29378	0.307881	0.000325	0.022259	588478
bic_1	SPC.3.1	LH266.1	ONC1.1	V480	0.248013	0.262221	0.000124	0.022802	598099
bic_1	SPC.3.1	LH266.1	ONC2.1	V480	0.243811	0.258001	0.001222	0.023956	598701
bic_1	SPC.3.1	LH266.1	ONC3.1	V480	0.190892	0.2055	-0.000122	0.024212	609390
bic_1	SPC.3.1	LH266.1	RED11.1	V480	0.210053	0.223915	0.001297	0.024076	605174
bic_1	SPC.3.1	LH266.1	RED15.1	V480	0.253085	0.266624	0.000796	0.02235	597696
bic_1	SPC.3.1	LH266.1	RED17.1	V480	0.199899	0.214659	0.000489	0.024895	607521
bic_1	SPC.3.1	LH266.1	RED18.1	V480	0.20107	0.216078	7e-05	0.024835	607620
bic_1	SPC.3.1	LH266.1	RED9.119	V480	0.233913	0.248827	0.000546	0.024586	601150
bic_1	SPC.3.1	LH266.1	SHV.1.1	V480	0.29069	0.307029	-0.000289	0.024992	588157
bic_1	SPC.3.1	LH266.1	SLA1.1	V480	0.219354	0.234362	-0.000474	0.023985	604062
bic_1	SPC.3.1	LH266.1	SLA3.1	V480	0.2081	0.223664	7e-05	0.025623	606050
bic_1	SPC.3.1	LH266.1	SLA5.1	V480	0.195737	0.211428	-0.000857	0.025211	607299
bic_1	SPC.3.1	LH266.1	WFM1.1	V480	0.252383	0.269146	-0.003245	0.023534	594337
bic_1	SPC.3.1	LH266.1	WFM2.2	V480	0.291341	0.306278	0.001137	0.024337	587821
bic_1	SPC.3.1	LH266.1	WFM3.1	V480	0.285742	0.299957	0.0009	0.023079	590041
bic_1	SPC.3.1	PPK1.1	ARS.1.1	V480	0.277001	0.293349	0.018297	0.043157	591689
bic_1	SPC.3.1	PPK1.1	ARS2.1	V480	0.273056	0.288777	0.018327	0.042275	590055
bic_1	SPC.3.1	PPK1.1	ARS3.1	V480	0.213646	0.229476	0.018863	0.044036	603571
bic_1	SPC.3.1	PPK1.1	CAR-C27.1	V480	0.258426	0.273066	0.019613	0.042002	598720
bic_1	SPC.3.1	PPK1.1	CARC3.1	V480	0.253051	0.269345	0.019604	0.044657	598282
bic_1	SPC.3.1	PPK1.1	CAR-C4.1	V480	0.216832	0.233225	0.017601	0.043493	605496
bic_1	SPC.3.1	PPK1.1	CED1.1	V480	0.206807	0.222674	0.018723	0.043937	602047
bic_1	SPC.3.1	PPK1.1	CED2.1	V480	0.167078	0.182718	0.018639	0.044279	610837
bic_1	SPC.3.1	PPK1.1	CED3.1	V480	0.356939	0.371971	0.020636	0.042067	578254
bic_1	SPC.3.1	PPK1.1	CUY1.1	V480	0.288481	0.304312	0.017868	0.04168	588241
bic_1	SPC.3.1	PPK1.1	CUY.2.1	V480	0.298388	0.313709	0.017777	0.040685	587612
bic_1	SPC.3.1	PPK1.1	CUY3.1	V480	0.277456	0.292829	0.018895	0.042145	592569
bic_1	SPC.3.1	PPK1.1	GRM4.1	V480	0.222789	0.238473	0.019391	0.044007	599822
bic_1	SPC.3.1	PPK1.1	GRM5.1	V480	0.238997	0.255676	0.017665	0.043516	598926
bic_1	SPC.3.1	PPK1.1	IND2.1	V480	0.224192	0.23929	0.019715	0.043461	603836
bic_1	SPC.3.1	PPK1.1	IND5.1	V480	0.223635	0.238635	0.018571	0.042154	603949
bic_1	SPC.3.1	PPK1.1	IND6.1	V480	0.189823	0.204794	0.019656	0.043809	610815
bic_1	SPC.3.1	PPK1.1	MNZ1.1	V480	0.258931	0.275458	0.018256	0.04361	594607
bic_1	SPC.3.1	PPK1.1	MNZ2.1	V480	0.291751	0.306469	0.019627	0.041803	590234
bic_1	SPC.3.1	PPK1.1	ONC1.1	V480	0.24613	0.261631	0.018217	0.042186	599944
bic_1	SPC.3.1	PPK1.1	ONC2.1	V480	0.242135	0.257193	0.01933	0.042717	600531
bic_1	SPC.3.1	PPK1.1	ONC3.1	V480	0.189801	0.204795	0.018349	0.042545	611199
bic_1	SPC.3.1	PPK1.1	RED11.1	V480	0.208495	0.222624	0.0206	0.043097	606976
bic_1	SPC.3.1	PPK1.1	RED15.1	V480	0.250973	0.26528	0.01964	0.041709	599505
bic_1	SPC.3.1	PPK1.1	RED17.1	V480	0.198252	0.213543	0.019371	0.043871	609347
bic_1	SPC.3.1	PPK1.1	RED18.1	V480	0.199211	0.214629	0.019312	0.04397	609393
bic_1	SPC.3.1	PPK1.1	RED9.119	V480	0.232224	0.248044	0.018882	0.043592	602921
bic_1	SPC.3.1	PPK1.1	SHV.1.1	V480	0.28889	0.305521	0.018725	0.043656	589987
bic_1	SPC.3.1	PPK1.1	SLA1.1	V480	0.217395	0.232922	0.018484	0.043005	605865
bic_1	SPC.3.1	PPK1.1	SLA3.1	V480	0.206443	0.222315	0.018457	0.043709	607823
bic_1	SPC.3.1	PPK1.1	SLA5.1	V480	0.194334	0.210201	0.018387	0.043928	609048
bic_1	SPC.3.1	PPK1.1	WFM1.1	V480	0.250334	0.267388	0.016671	0.043056	596179
bic_1	SPC.3.1	PPK1.1	WFM2.2	V480	0.289499	0.304914	0.020539	0.043728	589641
bic_1	SPC.3.1	PPK1.1	WFM3.1	V480	0.283256	0.298286	0.020098	0.042823	591805
bic_1	SPC.3.1	PPK5.1	ARS.1.1	V480	0.276092	0.291689	0.038266	0.061075	594614
bic_1	SPC.3.1	PPK5.1	ARS2.1	V480	0.271634	0.287126	0.038303	0.061007	592944
bic_1	SPC.3.1	PPK5.1	ARS3.1	V480	0.212577	0.22857	0.038248	0.062733	606554
bic_1	SPC.3.1	PPK5.1	CAR-C27.1	V480	0.257619	0.270905	0.041328	0.060852	601761
bic_1	SPC.3.1	PPK5.1	CARC3.1	V480	0.252203	0.267364	0.040607	0.063037	601234
bic_1	SPC.3.1	PPK5.1	CAR-C4.1	V480	0.215817	0.232226	0.037541	0.062459	608507
bic_1	SPC.3.1	PPK5.1	CED1.1	V480	0.205767	0.222034	0.037509	0.062383	605020
bic_1	SPC.3.1	PPK5.1	CED2.1	V480	0.166223	0.182001	0.037545	0.062434	613831
bic_1	SPC.3.1	PPK5.1	CED3.1	V480	0.355627	0.370229	0.041212	0.061251	581009
bic_1	SPC.3.1	PPK5.1	CUY1.1	V480	0.287634	0.302656	0.038746	0.060499	591126
bic_1	SPC.3.1	PPK5.1	CUY.2.1	V480	0.297821	0.312127	0.038373	0.058962	590409
bic_1	SPC.3.1	PPK5.1	CUY3.1	V480	0.276647	0.29166	0.03916	0.061	595536
bic_1	SPC.3.1	PPK5.1	GRM4.1	V480	0.221895	0.237609	0.039163	0.062888	602653
bic_1	SPC.3.1	PPK5.1	GRM5.1	V480	0.238067	0.254506	0.037929	0.062444	601782
bic_1	SPC.3.1	PPK5.1	IND2.1	V480	0.223402	0.237619	0.040904	0.062407	606825
bic_1	SPC.3.1	PPK5.1	IND5.1	V480	0.22262	0.236952	0.039538	0.061219	606925
bic_1	SPC.3.1	PPK5.1	IND6.1	V480	0.189128	0.202957	0.04084	0.062292	613856
bic_1	SPC.3.1	PPK5.1	MNZ1.1	V480	0.257794	0.274122	0.03789	0.061992	597474
bic_1	SPC.3.1	PPK5.1	MNZ2.1	V480	0.29074	0.304519	0.040435	0.060418	593121
bic_1	SPC.3.1	PPK5.1	ONC1.1	V480	0.24526	0.259732	0.039686	0.06122	602845
bic_1	SPC.3.1	PPK5.1	ONC2.1	V480	0.241105	0.254959	0.040814	0.061516	603444
bic_1	SPC.3.1	PPK5.1	ONC3.1	V480	0.188913	0.202782	0.039831	0.061369	614242
bic_1	SPC.3.1	PPK5.1	RED11.1	V480	0.207498	0.22106	0.041558	0.062329	610006
bic_1	SPC.3.1	PPK5.1	RED15.1	V480	0.250243	0.263496	0.040643	0.060316	602475
bic_1	SPC.3.1	PPK5.1	RED17.1	V480	0.197198	0.21213	0.039737	0.062759	612365
bic_1	SPC.3.1	PPK5.1	RED18.1	V480	0.198609	0.213483	0.039897	0.062778	612418
bic_1	SPC.3.1	PPK5.1	RED9.119	V480	0.231401	0.246135	0.040287	0.062422	605912
bic_1	SPC.3.1	PPK5.1	SHV.1.1	V480	0.287423	0.304332	0.038554	0.062918	592861
bic_1	SPC.3.1	PPK5.1	SLA1.1	V480	0.216629	0.232072	0.03824	0.061698	608868
bic_1	SPC.3.1	PPK5.1	SLA3.1	V480	0.205598	0.221105	0.039087	0.062824	610856
bic_1	SPC.3.1	PPK5.1	SLA5.1	V480	0.193445	0.209141	0.03843	0.062742	612066
bic_1	SPC.3.1	PPK5.1	WFM1.1	V480	0.249116	0.26623	0.036434	0.061923	599053
bic_1	SPC.3.1	PPK5.1	WFM2.2	V480	0.288318	0.303462	0.040738	0.062661	592489
bic_1	SPC.3.1	PPK5.1	WFM3.1	V480	0.28227	0.296869	0.039673	0.06091	594763
bic_1	SPC.3.1	SNO8.1	ARS.1.1	V480	0.277761	0.297083	0.013353	0.042443	589966
bic_1	SPC.3.1	SNO8.1	ARS2.1	V480	0.273725	0.292663	0.013666	0.042245	588395
bic_1	SPC.3.1	SNO8.1	ARS3.1	V480	0.213661	0.2333	0.013174	0.044128	601893
bic_1	SPC.3.1	SNO8.1	CAR-C27.1	V480	0.259175	0.276722	0.015971	0.042539	597050
bic_1	SPC.3.1	SNO8.1	CARC3.1	V480	0.253927	0.272674	0.015629	0.044196	596514
bic_1	SPC.3.1	SNO8.1	CAR-C4.1	V480	0.217442	0.237174	0.012411	0.04327	603804
bic_1	SPC.3.1	SNO8.1	CED1.1	V480	0.207332	0.22549	0.015125	0.043713	600405
bic_1	SPC.3.1	SNO8.1	CED2.1	V480	0.16771	0.18542	0.014887	0.043657	609153
bic_1	SPC.3.1	SNO8.1	CED3.1	V480	0.357934	0.375465	0.016928	0.041714	576494
bic_1	SPC.3.1	SNO8.1	CUY1.1	V480	0.289633	0.309154	0.01292	0.042026	586453
bic_1	SPC.3.1	SNO8.1	CUY.2.1	V480	0.299534	0.317968	0.013351	0.040681	585822
bic_1	SPC.3.1	SNO8.1	CUY3.1	V480	0.278076	0.296975	0.013726	0.042041	590904
bic_1	SPC.3.1	SNO8.1	GRM4.1	V480	0.223819	0.241385	0.016176	0.043506	598069
bic_1	SPC.3.1	SNO8.1	GRM5.1	V480	0.239549	0.256993	0.015374	0.042183	597180
bic_1	SPC.3.1	SNO8.1	IND2.1	V480	0.224846	0.242405	0.015553	0.042911	602174
bic_1	SPC.3.1	SNO8.1	IND5.1	V480	0.224446	0.241515	0.014884	0.04148	602263
bic_1	SPC.3.1	SNO8.1	IND6.1	V480	0.190565	0.208062	0.015614	0.043565	609118
bic_1	SPC.3.1	SNO8.1	MNZ1.1	V480	0.259226	0.278699	0.014691	0.044277	592818
bic_1	SPC.3.1	SNO8.1	MNZ2.1	V480	0.292248	0.310812	0.015191	0.042902	588482
bic_1	SPC.3.1	SNO8.1	ONC1.1	V480	0.246779	0.264735	0.014608	0.042122	598209
bic_1	SPC.3.1	SNO8.1	ONC2.1	V480	0.242412	0.260422	0.014979	0.042692	598735
bic_1	SPC.3.1	SNO8.1	ONC3.1	V480	0.190616	0.208446	0.014783	0.043279	609516
bic_1	SPC.3.1	SNO8.1	RED11.1	V480	0.209145	0.226205	0.01645	0.043361	605317
bic_1	SPC.3.1	SNO8.1	RED15.1	V480	0.251957	0.26881	0.015813	0.041561	597782
bic_1	SPC.3.1	SNO8.1	RED17.1	V480	0.198476	0.216288	0.015649	0.04393	607634
bic_1	SPC.3.1	SNO8.1	RED18.1	V480	0.199806	0.218025	0.015462	0.044342	607721
bic_1	SPC.3.1	SNO8.1	RED9.119	V480	0.232757	0.251154	0.015135	0.04358	601189
bic_1	SPC.3.1	SNO8.1	SHV.1.1	V480	0.289795	0.30964	0.014384	0.043845	588251
bic_1	SPC.3.1	SNO8.1	SLA1.1	V480	0.218081	0.237049	0.013695	0.043339	604105
bic_1	SPC.3.1	SNO8.1	SLA3.1	V480	0.206963	0.2257	0.014478	0.044005	606152
bic_1	SPC.3.1	SNO8.1	SLA5.1	V480	0.194673	0.213644	0.013182	0.043442	607312
bic_1	SPC.3.1	SNO8.1	WFM1.1	V480	0.250633	0.271087	0.011258	0.042638	594434
bic_1	SPC.3.1	SNO8.1	WFM2.2	V480	0.290217	0.309804	0.014956	0.044176	587870
bic_1	SPC.3.1	SNO8.1	WFM3.1	V480	0.283933	0.301902	0.015674	0.042567	590095
bic_1	SPC.3.1	SPC.5.1b	ARS.1.1	V480	0.27798	0.27759	0.09362	0.08094	592644
bic_1	SPC.3.1	SPC.5.1b	ARS2.1	V480	0.27302	0.27302	0.08567	0.08567	590982
bic_1	SPC.3.1	SPC.5.1b	ARS3.1	V480	0.21359	0.21329	0.09513	0.08497	604540
bic_1	SPC.3.1	SPC.5.1b	CAR-C27.1	V480	0.25905	0.2584	0.10302	0.08191	599835
bic_1	SPC.3.1	SPC.5.1b	CARC3.1	V480	0.2537	0.25294	0.10206	0.07709	599300
bic_1	SPC.3.1	SPC.5.1b	CAR-C4.1	V480	0.21679	0.21604	0.10257	0.0772	606648
bic_1	SPC.3.1	SPC.5.1b	CED1.1	V480	0.20735	0.20652	0.11683	0.08817	603078
bic_1	SPC.3.1	SPC.5.1b	CED2.1	V480	0.16722	0.16656	0.10661	0.08348	611886
bic_1	SPC.3.1	SPC.5.1b	CED3.1	V480	0.35822	0.35735	0.11709	0.09056	579164
bic_1	SPC.3.1	SPC.5.1b	CUY1.1	V480	0.28972	0.28916	0.10428	0.08627	589134
bic_1	SPC.3.1	SPC.5.1b	CUY.2.1	V480	0.2998	0.29935	0.09936	0.08511	588408
bic_1	SPC.3.1	SPC.5.1b	CUY3.1	V480	0.27829	0.27746	0.10616	0.07944	593588
bic_1	SPC.3.1	SPC.5.1b	GRM4.1	V480	0.22276	0.2221	0.10169	0.07959	600651
bic_1	SPC.3.1	SPC.5.1b	GRM5.1	V480	0.23942	0.23862	0.10776	0.08128	599777
bic_1	SPC.3.1	SPC.5.1b	IND2.1	V480	0.2244	0.22347	0.10925	0.07793	604896
bic_1	SPC.3.1	SPC.5.1b	IND5.1	V480	0.22395	0.22306	0.10691	0.07709	604951
bic_1	SPC.3.1	SPC.5.1b	IND6.1	V480	0.18977	0.18895	0.10805	0.07977	611958
bic_1	SPC.3.1	SPC.5.1b	MNZ1.1	V480	0.25942	0.25926	0.08976	0.08457	595512
bic_1	SPC.3.1	SPC.5.1b	MNZ2.1	V480	0.29246	0.29178	0.09668	0.07528	591217
bic_1	SPC.3.1	SPC.5.1b	ONC1.1	V480	0.24674	0.24599	0.10519	0.08035	600960
bic_1	SPC.3.1	SPC.5.1b	ONC2.1	V480	0.24245	0.2415	0.1134	0.08174	601490
bic_1	SPC.3.1	SPC.5.1b	ONC3.1	V480	0.18982	0.18901	0.10394	0.07599	612330
bic_1	SPC.3.1	SPC.5.1b	RED11.1	V480	0.20864	0.20789	0.1035	0.07825	608102
bic_1	SPC.3.1	SPC.5.1b	RED15.1	V480	0.2518	0.25096	0.10811	0.08035	600560
bic_1	SPC.3.1	SPC.5.1b	RED17.1	V480	0.19821	0.19737	0.1095	0.08059	610459
bic_1	SPC.3.1	SPC.5.1b	RED18.1	V480	0.19981	0.19882	0.11336	0.07932	610463
bic_1	SPC.3.1	SPC.5.1b	RED9.119	V480	0.23282	0.23214	0.10615	0.08346	604000
bic_1	SPC.3.1	SPC.5.1b	SHV.1.1	V480	0.2896	0.28885	0.10583	0.08206	590902
bic_1	SPC.3.1	SPC.5.1b	SLA1.1	V480	0.21788	0.21708	0.10534	0.07864	606973
bic_1	SPC.3.1	SPC.5.1b	SLA3.1	V480	0.20665	0.20565	0.10967	0.07576	608997
bic_1	SPC.3.1	SPC.5.1b	SLA5.1	V480	0.19468	0.19382	0.11015	0.08053	610143
bic_1	SPC.3.1	SPC.5.1b	WFM1.1	V480	0.25064	0.24999	0.10491	0.08333	597067
bic_1	SPC.3.1	SPC.5.1b	WFM2.2	V480	0.29033	0.28994	0.09417	0.08146	590543
bic_1	SPC.3.1	SPC.5.1b	WFM3.1	V480	0.28404	0.28346	0.10569	0.08721	592812
bic_1	SPC.3.1	YL51.1	ARS.1.1	V480	0.28121	0.27932	0.00964	-0.02135	584399
bic_1	SPC.3.1	YL51.1	ARS2.1	V480	0.27663	0.27508	0.01327	-0.01214	582774
bic_1	SPC.3.1	YL51.1	ARS3.1	V480	0.21613	0.21476	0.00275	-0.02033	596224
bic_1	SPC.3.1	YL51.1	CAR-C27.1	V480	0.26157	0.26028	-0.00695	-0.02779	591472
bic_1	SPC.3.1	YL51.1	CARC3.1	V480	0.25584	0.25499	-0.01196	-0.02594	590997
bic_1	SPC.3.1	YL51.1	CAR-C4.1	V480	0.21918	0.21788	-0.00474	-0.02663	598254
bic_1	SPC.3.1	YL51.1	CED1.1	V480	0.21006	0.20913	-0.0046	-0.02041	594774
bic_1	SPC.3.1	YL51.1	CED2.1	V480	0.1696	0.16848	-0.005457	-0.0251	603474
bic_1	SPC.3.1	YL51.1	CED3.1	V480	0.36175	0.36032	-0.00546	-0.02693	571055
bic_1	SPC.3.1	YL51.1	CUY1.1	V480	0.293	0.29148	-0.00564	-0.03008	580991
bic_1	SPC.3.1	YL51.1	CUY.2.1	V480	0.30303	0.30145	0.0102	-0.01512	580188
bic_1	SPC.3.1	YL51.1	CUY3.1	V480	0.28173	0.28018	0.00111	-0.02377	585307
bic_1	SPC.3.1	YL51.1	GRM4.1	V480	0.22543	0.22451	-0.01506	-0.03067	592413
bic_1	SPC.3.1	YL51.1	GRM5.1	V480	0.24205	0.241	-0.01059	-0.02805	591517
bic_1	SPC.3.1	YL51.1	IND2.1	V480	0.22661	0.22556	-0.00876	-0.02629	596556
bic_1	SPC.3.1	YL51.1	IND5.1	V480	0.22607	0.22509	-0.0104	-0.02683	596643
bic_1	SPC.3.1	YL51.1	IND6.1	V480	0.19208	0.19094	-0.00565	-0.02534	603551
bic_1	SPC.3.1	YL51.1	MNZ1.1	V480	0.26216	0.2613	-0.00338	-0.01768	587276
bic_1	SPC.3.1	YL51.1	MNZ2.1	V480	0.29565	0.29392	0.00918	-0.01855	582946
bic_1	SPC.3.1	YL51.1	ONC1.1	V480	0.24951	0.24815	-0.00258	-0.02504	592665
bic_1	SPC.3.1	YL51.1	ONC2.1	V480	0.24495	0.24342	-0.00295	-0.02839	593235
bic_1	SPC.3.1	YL51.1	ONC3.1	V480	0.192023	0.190804	-0.00741	-0.028375	603902
bic_1	SPC.3.1	YL51.1	RED11.1	V480	0.21078	0.20979	-0.00981	-0.02653	599700
bic_1	SPC.3.1	YL51.1	RED15.1	V480	0.25389	0.25282	-0.00772	-0.02538	592222
bic_1	SPC.3.1	YL51.1	RED17.1	V480	0.20044	0.19944	-0.00834	-0.02539	602053
bic_1	SPC.3.1	YL51.1	RED18.1	V480	0.20182	0.20086	-0.00941	-0.02569	602048
bic_1	SPC.3.1	YL51.1	RED9.119	V480	0.23495	0.23422	-0.01078	-0.02283	595700
bic_1	SPC.3.1	YL51.1	SHV.1.1	V480	0.29294	0.29216	-0.00748	-0.01983	582688
bic_1	SPC.3.1	YL51.1	SLA1.1	V480	0.22019	0.21928	-0.01073	-0.02601	598619
bic_1	SPC.3.1	YL51.1	SLA3.1	V480	0.20867	0.20749	-0.00943	-0.02939	600602
bic_1	SPC.3.1	YL51.1	SLA5.1	V480	0.19661	0.19562	-0.00999	-0.02708	601774
bic_1	SPC.3.1	YL51.1	WFM1.1	V480	0.25376	0.25196	0.0101	-0.01982	588797
bic_1	SPC.3.1	YL51.1	WFM2.2	V480	0.29356	0.29159	0.01034	-0.02125	582272
bic_1	SPC.3.1	YL51.1	WFM3.1	V480	0.28712	0.28566	0.00825	-0.01538	584586
