#topo1 (bicolor,((southerncard,sierrancard),parishii));
#topo2 (bicolor,((southerncard,parishii),sierrancard));
#topo3 (bicolor,(southerncard,(sierrancard,parishii)));
topo1	topo2	topo3
476	0	0
154	232	90
90	374	12
476	0	0
66	394	16
164	144	168
476	0	0
0	472	4
448	28	0
448	28	0
476	0	0
476	0	0
476	0	0
476	0	0
442	34	0
476	0	0
476	0	0
476	0	0
476	0	0
476	0	0
476	0	0
54	156	266
374	0	102
476	0	0
204	0	272
476	0	0
476	0	0
36	216	224
204	0	272
476	0	0
476	0	0
44	200	232
290	162	24
238	238	0
306	170	0
238	238	0
476	0	0
272	0	204
476	0	0
476	0	0
476	0	0
476	0	0
476	0	0
476	0	0
476	0	0
476	0	0
476	0	0
476	0	0
476	0	0
476	0	0
476	0	0
476	0	0
476	0	0
476	0	0
476	0	0
476	0	0
476	0	0
476	0	0
476	0	0
134	158	184
476	0	0
476	0	0
30	422	24
126	230	120
476	0	0
476	0	0
476	0	0
340	0	136
476	0	0
476	0	0
476	0	0
476	0	0
476	0	0
476	0	0
138	30	308
476	0	0
476	0	0
476	0	0
142	298	36
476	0	0
268	192	16
476	0	0
34	136	306
448	28	0
476	0	0
476	0	0
198	168	110
476	0	0
392	0	84
476	0	0
408	0	68
258	108	110
476	0	0
476	0	0
476	0	0
132	254	90
244	160	72
476	0	0
476	0	0
476	0	0
476	0	0
102	0	374
26	448	2
476	0	0
286	108	82
54	224	198
476	0	0
476	0	0
476	0	0
476	0	0
476	0	0
476	0	0
448	28	0
76	208	192
476	0	0
476	0	0
476	0	0
448	28	0
476	0	0
476	0	0
2	444	30
476	0	0
476	0	0
272	204	0
476	0	0
476	0	0
476	0	0
476	0	0
476	0	0
476	0	0
476	0	0
166	286	24
316	120	40
132	116	228
148	8	320
102	374	0
68	408	0
476	0	0
476	0	0
476	0	0
476	0	0
476	0	0
476	0	0
476	0	0
476	0	0
476	0	0
476	0	0
476	0	0
476	0	0
476	0	0
172	24	280
476	0	0
288	0	188
476	0	0
442	0	34
476	0	0
304	112	60
476	0	0
476	0	0
476	0	0
89	280	107
433	15	28
408	0	68
144	286	46
476	0	0
476	0	0
476	0	0
476	0	0
42	258	176
476	0	0
476	0	0
102	0	374
476	0	0
292	112	72
476	0	0
476	0	0
476	0	0
346	26	104
476	0	0
364	112	0
224	252	0
476	0	0
476	0	0
476	0	0
476	0	0
476	0	0
244	72	160
142	120	214
476	0	0
476	0	0
476	0	0
476	0	0
476	0	0
476	0	0
364	24	88
476	0	0
448	28	0
164	270	42
476	0	0
198	70	208
476	0	0
476	0	0
476	0	0
476	0	0
129	125	222
408	68	0
8	160	308
476	0	0
476	0	0
476	0	0
476	0	0
476	0	0
10	76	390
476	0	0
442	0	34
476	0	0
476	0	0
476	0	0
416	60	0
476	0	0
476	0	0
476	0	0
476	0	0
476	0	0
476	0	0
476	0	0
476	0	0
476	0	0
476	0	0
476	0	0
151	157	168
58	196	222
62	198	216
476	0	0
476	0	0
476	0	0
476	0	0
476	0	0
50	34	392
476	0	0
476	0	0
476	0	0
476	0	0
476	0	0
476	0	0
476	0	0
476	0	0
374	0	102
476	0	0
476	0	0
448	28	0
476	0	0
476	0	0
476	0	0
476	0	0
106	164	206
476	0	0
476	0	0
476	0	0
476	0	0
476	0	0
476	0	0
476	0	0
394	30	52
476	0	0
174	98	204
184	200	92
112	261	103
134	278	64
476	0	0
476	0	0
476	0	0
68	408	0
108	306	62
476	0	0
476	0	0
476	0	0
136	340	0
476	0	0
476	0	0
476	0	0
476	0	0
476	0	0
66	406	4
476	0	0
476	0	0
476	0	0
408	68	0
476	0	0
476	0	0
476	0	0
196	238	42
476	0	0
476	0	0
476	0	0
244	160	72
476	0	0
476	0	0
476	0	0
476	0	0
420	0	56
476	0	0
476	0	0
476	0	0
476	0	0
168	26	282
392	84	0
476	0	0
476	0	0
358	22	96
476	0	0
476	0	0
2	112	362
142	210	124
476	0	0
476	0	0
476	0	0
0	38	438
476	0	0
160	198	118
476	0	0
184	260	32
176	30	270
476	0	0
316	40	120
476	0	0
476	0	0
268	120	88
476	0	0
476	0	0
476	0	0
476	0	0
476	0	0
476	0	0
322	130	24
338	44	94
476	0	0
476	0	0
476	0	0
476	0	0
476	0	0
476	0	0
476	0	0
170	68	238
442	34	0
476	0	0
310	88	78
476	0	0
476	0	0
476	0	0
476	0	0
170	238	68
476	0	0
128	188	160
476	0	0
476	0	0
476	0	0
476	0	0
290	168	18
102	0	374
476	0	0
136	0	340
476	0	0
476	0	0
336	140	0
408	68	0
280	96	100
210	50	216
442	0	34
476	0	0
252	68	156
476	0	0
476	0	0
87	231	158
476	0	0
476	0	0
238	108	130
64	250	162
24	236	216
476	0	0
120	348	8
476	0	0
476	0	0
476	0	0
476	0	0
476	0	0
306	0	170
476	0	0
476	0	0
298	18	160
374	102	0
476	0	0
476	0	0
476	0	0
442	0	34
476	0	0
198	160	118
192	158	126
476	0	0
476	0	0
340	136	0
476	0	0
476	0	0
20	194	262
214	38	224
476	0	0
222	168	86
476	0	0
442	0	34
476	0	0
476	0	0
476	0	0
476	0	0
8	344	124
476	0	0
178	214	84
476	0	0
448	28	0
476	0	0
476	0	0
2	386	88
476	0	0
18	10	448
476	0	0
130	8	338
476	0	0
476	0	0
476	0	0
476	0	0
272	64	140
268	190	18
476	0	0
476	0	0
52	248	176
374	0	102
476	0	0
476	0	0
476	0	0
338	138	0
476	0	0
476	0	0
476	0	0
476	0	0
476	0	0
476	0	0
238	238	0
80	186	210
476	0	0
476	0	0
476	0	0
476	0	0
476	0	0
116	324	36
476	0	0
476	0	0
298	94	84
476	0	0
56	256	164
374	0	102
476	0	0
324	100	52
0	446	30
476	0	0
82	30	364
476	0	0
34	0	442
476	0	0
34	442	0
68	0	408
476	0	0
476	0	0
19	437	20
476	0	0
476	0	0
476	0	0
34	170	272
0	62	414
18	0	458
476	0	0
476	0	0
68	356	52
476	0	0
420	56	0
476	0	0
408	68	0
476	0	0
476	0	0
192	84	200
476	0	0
476	0	0
476	0	0
476	0	0
476	0	0
442	34	0
186	58	232
476	0	0
204	0	272
68	408	0
476	0	0
476	0	0
50	16	410
476	0	0
476	0	0
268	168	40
476	0	0
476	0	0
298	156	22
266	35	175
476	0	0
187	51	238
476	0	0
288	4	184
60	260	156
476	0	0
140	164	172
135	182	159
476	0	0
476	0	0
235	136	105
76	42	358
476	0	0
476	0	0
476	0	0
476	0	0
476	0	0
34	442	0
476	0	0
476	0	0
476	0	0
476	0	0
34	442	0
476	0	0
476	0	0
476	0	0
476	0	0
476	0	0
199	120	157
476	0	0
420	56	0
476	0	0
126	174	176
62	342	72
100	200	176
476	0	0
476	0	0
476	0	0
476	0	0
12	338	126
476	0	0
238	0	238
476	0	0
476	0	0
476	0	0
250	112	114
476	0	0
476	0	0
236	214	26
476	0	0
476	0	0
58	388	30
476	0	0
476	0	0
476	0	0
476	0	0
476	0	0
476	0	0
476	0	0
476	0	0
476	0	0
476	0	0
476	0	0
476	0	0
334	62	80
476	0	0
0	452	24
476	0	0
194	30	252
476	0	0
476	0	0
340	0	136
124	40	312
476	0	0
0	48	428
476	0	0
476	0	0
280	196	0
476	0	0
306	170	0
476	0	0
476	0	0
82	102	292
476	0	0
352	102	22
476	0	0
476	0	0
442	0	34
442	34	0
340	0	136
476	0	0
340	0	136
442	34	0
476	0	0
476	0	0
476	0	0
368	60	48
476	0	0
374	0	102
476	0	0
102	374	0
476	0	0
476	0	0
476	0	0
476	0	0
298	84	94
370	28	78
476	0	0
476	0	0
476	0	0
476	0	0
459	17	0
476	0	0
340	68	68
112	306	58
374	102	0
38	256	182
476	0	0
476	0	0
74	300	102
176	190	110
34	442	0
476	0	0
476	0	0
476	0	0
360	56	60
340	0	136
476	0	0
476	0	0
476	0	0
476	0	0
476	0	0
476	0	0
184	66	226
476	0	0
226	16	234
28	74	374
476	0	0
476	0	0
420	0	56
476	0	0
420	0	56
476	0	0
32	240	204
260	148	68
272	204	0
476	0	0
476	0	0
476	0	0
476	0	0
448	28	0
102	0	374
476	0	0
212	24	240
476	0	0
408	0	68
416	26	34
266	120	90
79	180	217
200	116	160
476	0	0
476	0	0
418	32	26
476	0	0
476	0	0
476	0	0
476	0	0
476	0	0
476	0	0
476	0	0
112	320	44
476	0	0
232	84	160
476	0	0
476	0	0
476	0	0
476	0	0
476	0	0
28	0	448
476	0	0
476	0	0
476	0	0
476	0	0
476	0	0
476	0	0
96	330	50
476	0	0
476	0	0
374	0	102
476	0	0
476	0	0
476	0	0
476	0	0
476	0	0
476	0	0
125	247	104
264	106	106
64	338	74
296	162	18
476	0	0
476	0	0
476	0	0
476	0	0
420	56	0
476	0	0
224	60	192
476	0	0
476	0	0
476	0	0
442	0	34
476	0	0
476	0	0
476	0	0
476	0	0
476	0	0
476	0	0
476	0	0
476	0	0
160	304	12
78	62	336
136	0	340
102	34	340
476	0	0
476	0	0
140	292	44
476	0	0
258	22	196
476	0	0
476	0	0
448	0	28
418	26	32
204	272	0
476	0	0
62	156	258
476	0	0
226	234	16
476	0	0
476	0	0
476	0	0
476	0	0
448	28	0
144	160	172
102	44	330
306	170	0
292	124	60
276	143	57
60	124	292
476	0	0
476	0	0
442	34	0
392	84	0
476	0	0
476	0	0
476	0	0
34	420	22
476	0	0
264	32	180
238	28	210
476	0	0
476	0	0
152	152	172
128	164	184
476	0	0
476	0	0
476	0	0
476	0	0
476	0	0
476	0	0
80	108	288
408	68	0
448	14	14
220	60	196
64	172	240
182	100	194
476	0	0
476	0	0
476	0	0
408	68	0
476	0	0
170	0	306
476	0	0
340	136	0
256	140	80
476	0	0
264	20	192
476	0	0
476	0	0
476	0	0
448	28	0
476	0	0
476	0	0
476	0	0
280	112	84
476	0	0
476	0	0
170	306	0
476	0	0
476	0	0
476	0	0
256	130	90
110	232	134
476	0	0
476	0	0
476	0	0
476	0	0
408	0	68
78	262	136
374	102	0
476	0	0
476	0	0
476	0	0
68	350	58
54	348	74
4	32	440
476	0	0
476	0	0
266	116	94
476	0	0
408	68	0
408	68	0
476	0	0
476	0	0
178	12	286
476	0	0
476	0	0
134	288	54
476	0	0
476	0	0
68	280	128
476	0	0
156	272	48
476	0	0
30	96	350
120	252	104
476	0	0
476	0	0
186	145	145
234	18	224
476	0	0
442	0	34
476	0	0
374	102	0
476	0	0
476	0	0
476	0	0
238	126	112
476	0	0
244	72	160
88	4	384
476	0	0
476	0	0
36	134	306
340	136	0
476	0	0
476	0	0
476	0	0
476	0	0
340	136	0
418	26	32
442	0	34
476	0	0
260	102	114
476	0	0
374	102	0
476	0	0
476	0	0
312	50	114
476	0	0
476	0	0
476	0	0
448	14	14
34	442	0
476	0	0
476	0	0
357	119	0
476	0	0
100	312	64
476	0	0
128	86	262
476	0	0
448	28	0
476	0	0
476	0	0
476	0	0
476	0	0
108	186	182
232	208	36
266	190	20
476	0	0
176	214	86
212	104	160
148	300	28
476	0	0
476	0	0
476	0	0
476	0	0
476	0	0
476	0	0
442	34	0
200	244	32
476	0	0
476	0	0
476	0	0
476	0	0
136	340	0
476	0	0
476	0	0
476	0	0
156	16	304
306	170	0
2	464	10
476	0	0
476	0	0
476	0	0
340	136	0
442	34	0
476	0	0
442	34	0
476	0	0
476	0	0
328	20	128
29	127	320
238	238	0
82	134	260
272	204	0
476	0	0
476	0	0
78	8	390
476	0	0
476	0	0
89	115	272
476	0	0
476	0	0
476	0	0
476	0	0
476	0	0
476	0	0
442	0	34
476	0	0
170	266	40
476	0	0
476	0	0
448	28	0
476	0	0
476	0	0
476	0	0
476	0	0
476	0	0
476	0	0
476	0	0
476	0	0
476	0	0
212	163	101
476	0	0
298	160	18
86	36	354
476	0	0
120	44	312
128	336	12
128	12	336
128	12	336
238	196	42
476	0	0
476	0	0
476	0	0
283	141	52
476	0	0
236	82	158
476	0	0
476	0	0
476	0	0
238	54	184
476	0	0
190	160	126
476	0	0
476	0	0
168	56	252
476	0	0
476	0	0
476	0	0
476	0	0
476	0	0
0	476	0
476	0	0
256	140	80
476	0	0
476	0	0
476	0	0
374	0	102
476	0	0
476	0	0
476	0	0
476	0	0
52	324	100
476	0	0
194	30	252
54	178	244
476	0	0
122	208	146
291	50	135
420	56	0
476	0	0
476	0	0
392	0	84
476	0	0
476	0	0
476	0	0
264	180	32
476	0	0
90	116	270
476	0	0
476	0	0
476	0	0
476	0	0
476	0	0
476	0	0
476	0	0
272	94	110
476	0	0
476	0	0
442	34	0
408	68	0
33	295	148
442	0	34
358	96	22
476	0	0
114	165	197
476	0	0
476	0	0
476	0	0
476	0	0
0	24	452
36	34	406
476	0	0
476	0	0
292	164	20
476	0	0
476	0	0
374	0	102
476	0	0
476	0	0
476	0	0
442	0	34
476	0	0
340	102	34
120	340	16
476	0	0
476	0	0
244	160	72
476	0	0
476	0	0
476	0	0
476	0	0
476	0	0
476	0	0
476	0	0
476	0	0
476	0	0
442	0	34
476	0	0
110	113	253
260	202	14
476	0	0
476	0	0
476	0	0
106	126	244
476	0	0
416	28	32
476	0	0
476	0	0
54	348	74
192	80	204
442	0	34
96	262	118
476	0	0
476	0	0
374	0	102
476	0	0
476	0	0
476	0	0
374	102	0
476	0	0
476	0	0
166	22	288
476	0	0
476	0	0
476	0	0
476	0	0
476	0	0
476	0	0
102	374	0
476	0	0
476	0	0
476	0	0
0	454	22
222	178	76
476	0	0
476	0	0
150	18	308
130	8	338
168	54	254
476	0	0
476	0	0
476	0	0
476	0	0
476	0	0
102	374	0
0	390	86
442	34	0
215	154	107
117	186	173
476	0	0
476	0	0
476	0	0
476	0	0
476	0	0
476	0	0
476	0	0
108	368	0
476	0	0
442	34	0
476	0	0
130	224	122
306	0	170
476	0	0
476	0	0
476	0	0
272	0	204
408	0	68
178	12	286
340	58	78
50	262	164
476	0	0
476	0	0
476	0	0
476	0	0
476	0	0
476	0	0
476	0	0
374	102	0
476	0	0
476	0	0
476	0	0
476	0	0
476	0	0
476	0	0
476	0	0
476	0	0
476	0	0
146	288	42
268	16	192
476	0	0
364	28	84
76	284	116
120	186	170
442	34	0
340	0	136
476	0	0
476	0	0
476	0	0
476	0	0
186	124	166
62	280	134
476	0	0
306	0	170
476	0	0
340	0	136
476	0	0
102	374	0
476	0	0
476	0	0
476	0	0
476	0	0
476	0	0
476	0	0
476	0	0
476	0	0
476	0	0
476	0	0
476	0	0
476	0	0
476	0	0
476	0	0
306	102	68
476	0	0
208	256	12
442	34	0
476	0	0
476	0	0
476	0	0
476	0	0
352	124	0
476	0	0
476	0	0
476	0	0
178	48	250
476	0	0
476	0	0
476	0	0
476	0	0
374	34	68
128	28	320
58	194	224
214	164	98
172	280	24
476	0	0
236	100	140
68	408	0
476	0	0
476	0	0
476	0	0
476	0	0
425	0	51
238	34	204
476	0	0
476	0	0
476	0	0
476	0	0
442	0	34
442	0	34
122	308	46
476	0	0
476	0	0
476	0	0
476	0	0
476	0	0
476	0	0
476	0	0
476	0	0
476	0	0
374	102	0
408	68	0
476	0	0
232	134	110
476	0	0
476	0	0
368	60	48
170	306	0
408	68	0
476	0	0
174	240	62
476	0	0
276	88	112
476	0	0
476	0	0
248	167	61
204	272	0
476	0	0
476	0	0
142	56	278
418	32	26
476	0	0
0	0	476
204	272	0
476	0	0
120	230	126
56	420	0
306	170	0
50	416	10
476	0	0
294	110	72
476	0	0
476	0	0
92	138	246
20	456	0
84	226	166
442	0	34
476	0	0
476	0	0
476	0	0
476	0	0
64	374	38
476	0	0
476	0	0
370	78	28
476	0	0
476	0	0
476	0	0
476	0	0
476	0	0
136	340	0
476	0	0
476	0	0
476	0	0
476	0	0
0	476	0
476	0	0
476	0	0
476	0	0
476	0	0
280	196	0
364	0	112
92	76	308
136	0	340
476	0	0
476	0	0
476	0	0
476	0	0
102	0	374
224	84	168
442	0	34
408	68	0
22	194	260
20	404	52
84	376	16
476	0	0
238	238	0
476	0	0
476	0	0
476	0	0
476	0	0
476	0	0
476	0	0
358	96	22
280	100	96
476	0	0
476	0	0
476	0	0
476	0	0
476	0	0
476	0	0
374	0	102
476	0	0
476	0	0
442	34	0
476	0	0
272	204	0
476	0	0
476	0	0
476	0	0
476	0	0
476	0	0
364	112	0
114	184	178
408	68	0
476	0	0
342	44	90
476	0	0
448	28	0
476	0	0
476	0	0
408	68	0
476	0	0
476	0	0
476	0	0
274	20	182
476	0	0
476	0	0
268	108	100
476	0	0
476	0	0
374	102	0
476	0	0
448	0	28
136	0	340
476	0	0
476	0	0
476	0	0
197	171	108
476	0	0
476	0	0
476	0	0
476	0	0
476	0	0
476	0	0
476	0	0
476	0	0
340	136	0
66	36	374
316	72	88
202	106	168
374	0	102
274	172	30
476	0	0
38	246	192
476	0	0
442	34	0
476	0	0
442	34	0
476	0	0
476	0	0
442	0	34
476	0	0
476	0	0
56	186	234
476	0	0
340	102	34
476	0	0
178	10	288
476	0	0
178	242	56
476	0	0
130	258	88
305	116	55
70	52	354
476	0	0
476	0	0
204	238	34
476	0	0
476	0	0
476	0	0
476	0	0
476	0	0
141	223	112
204	216	56
206	46	224
476	0	0
374	0	102
476	0	0
476	0	0
30	356	90
476	0	0
476	0	0
340	136	0
224	192	60
476	0	0
476	0	0
138	262	76
476	0	0
476	0	0
476	0	0
210	50	216
476	0	0
260	59	157
246	54	176
476	0	0
442	34	0
476	0	0
246	112	118
476	0	0
24	398	54
196	0	280
476	0	0
168	182	126
476	0	0
476	0	0
476	0	0
136	340	0
476	0	0
476	0	0
476	0	0
392	0	84
476	0	0
476	0	0
476	0	0
176	286	14
476	0	0
476	0	0
476	0	0
248	184	44
476	0	0
476	0	0
18	288	170
476	0	0
476	0	0
476	0	0
476	0	0
476	0	0
80	8	388
476	0	0
76	174	226
100	36	340
476	0	0
476	0	0
476	0	0
476	0	0
476	0	0
408	68	0
476	0	0
476	0	0
476	0	0
364	26	86
476	0	0
476	0	0
142	228	106
476	0	0
0	224	252
476	0	0
68	408	0
476	0	0
476	0	0
476	0	0
448	0	28
476	0	0
374	0	102
476	0	0
476	0	0
476	0	0
476	0	0
476	0	0
476	0	0
182	224	70
476	0	0
64	240	172
476	0	0
476	0	0
476	0	0
78	54	344
128	0	348
476	0	0
24	206	246
254	156	66
374	102	0
277	125	74
368	54	54
476	0	0
476	0	0
212	146	118
408	0	68
418	32	26
476	0	0
394	52	30
272	0	204
476	0	0
392	0	84
476	0	0
476	0	0
108	58	310
204	272	0
476	0	0
476	0	0
476	0	0
476	0	0
348	72	56
340	0	136
476	0	0
306	0	170
476	0	0
408	68	0
28	402	46
272	0	204
476	0	0
358	22	96
476	0	0
136	286	54
476	0	0
476	0	0
476	0	0
81	312	83
476	0	0
476	0	0
476	0	0
476	0	0
442	0	34
476	0	0
476	0	0
442	34	0
160	268	48
374	102	0
476	0	0
476	0	0
142	158	176
476	0	0
476	0	0
476	0	0
476	0	0
122	180	174
476	0	0
476	0	0
225	132	119
408	17	51
476	0	0
476	0	0
476	0	0
408	0	68
132	196	148
476	0	0
0	452	24
340	0	136
226	120	130
476	0	0
476	0	0
476	0	0
144	60	272
476	0	0
476	0	0
476	0	0
476	0	0
476	0	0
476	0	0
238	238	0
408	68	0
270	176	30
476	0	0
340	136	0
476	0	0
476	0	0
260	2	214
476	0	0
50	138	288
476	0	0
476	0	0
340	136	0
70	74	332
476	0	0
476	0	0
100	6	370
476	0	0
16	138	322
442	0	34
476	0	0
476	0	0
224	68	184
442	0	34
244	40	192
476	0	0
46	250	180
476	0	0
476	0	0
340	34	102
476	0	0
442	34	0
476	0	0
374	102	0
38	286	152
110	270	96
288	76	112
174	114	188
476	0	0
476	0	0
476	0	0
91	213	172
476	0	0
476	0	0
170	306	0
374	102	0
238	210	28
360	60	56
476	0	0
60	132	284
28	448	0
476	0	0
476	0	0
476	0	0
210	90	176
360	116	0
280	112	84
476	0	0
315	111	50
476	0	0
476	0	0
476	0	0
476	0	0
476	0	0
14	114	348
476	0	0
476	0	0
476	0	0
476	0	0
476	0	0
476	0	0
476	0	0
476	0	0
476	0	0
374	102	0
476	0	0
476	0	0
476	0	0
476	0	0
476	0	0
476	0	0
476	0	0
476	0	0
476	0	0
476	0	0
306	0	170
374	68	34
476	0	0
476	0	0
476	0	0
476	0	0
442	34	0
476	0	0
352	96	28
476	0	0
442	34	0
8	184	284
156	98	222
476	0	0
476	0	0
476	0	0
476	0	0
476	0	0
198	224	54
170	250	56
176	234	66
476	0	0
476	0	0
476	0	0
476	0	0
476	0	0
24	252	200
476	0	0
476	0	0
476	0	0
476	0	0
476	0	0
476	0	0
204	0	272
476	0	0
476	0	0
208	268	0
476	0	0
104	206	166
476	0	0
58	52	366
110	86	280
476	0	0
476	0	0
476	0	0
196	32	248
476	0	0
408	68	0
476	0	0
476	0	0
476	0	0
476	0	0
112	144	220
220	208	48
108	96	272
442	0	34
136	340	0
476	0	0
476	0	0
442	17	17
374	102	0
298	62	116
476	0	0
476	0	0
476	0	0
442	0	34
394	52	30
476	0	0
256	220	0
476	0	0
476	0	0
476	0	0
476	0	0
300	147	29
476	0	0
476	0	0
476	0	0
68	68	340
160	298	18
476	0	0
476	0	0
476	0	0
476	0	0
476	0	0
476	0	0
476	0	0
476	0	0
476	0	0
476	0	0
330	96	50
476	0	0
260	48	168
476	0	0
136	116	224
476	0	0
476	0	0
476	0	0
320	100	56
476	0	0
324	56	96
388	64	24
476	0	0
476	0	0
442	34	0
476	0	0
476	0	0
476	0	0
476	0	0
476	0	0
476	0	0
128	120	228
83	167	226
476	0	0
476	0	0
476	0	0
186	132	158
476	0	0
408	68	0
476	0	0
476	0	0
476	0	0
476	0	0
7	418	51
476	0	0
220	76	180
476	0	0
476	0	0
476	0	0
476	0	0
364	82	30
476	0	0
476	0	0
476	0	0
32	68	376
68	0	408
298	22	156
476	0	0
34	0	442
408	68	0
364	0	112
476	0	0
476	0	0
476	0	0
476	0	0
476	0	0
476	0	0
358	96	22
114	292	70
476	0	0
0	128	348
408	68	0
476	0	0
408	68	0
180	66	230
476	0	0
476	0	0
154	224	98
32	442	2
476	0	0
336	0	140
308	0	168
14	420	42
170	0	306
306	170	0
290	44	142
336	0	140
476	0	0
448	28	0
476	0	0
286	190	0
476	0	0
408	68	0
476	0	0
476	0	0
34	0	442
476	0	0
204	272	0
476	0	0
476	0	0
476	0	0
476	0	0
408	0	68
476	0	0
476	0	0
476	0	0
100	368	8
340	136	0
476	0	0
476	0	0
476	0	0
476	0	0
476	0	0
476	0	0
476	0	0
476	0	0
442	34	0
476	0	0
476	0	0
476	0	0
306	170	0
476	0	0
208	234	34
112	330	34
476	0	0
102	0	374
216	208	52
476	0	0
476	0	0
42	360	74
60	98	318
476	0	0
181	58	237
408	68	0
476	0	0
476	0	0
476	0	0
476	0	0
476	0	0
34	202	240
476	0	0
476	0	0
346	26	104
476	0	0
476	0	0
340	0	136
476	0	0
192	176	108
348	56	72
442	0	34
476	0	0
476	0	0
476	0	0
476	0	0
476	0	0
476	0	0
276	82	118
476	0	0
476	0	0
476	0	0
476	0	0
476	0	0
476	0	0
476	0	0
322	24	130
476	0	0
150	134	192
476	0	0
476	0	0
238	204	34
476	0	0
88	184	204
476	0	0
476	0	0
476	0	0
476	0	0
476	0	0
476	0	0
476	0	0
476	0	0
476	0	0
78	174	224
476	0	0
476	0	0
290	150	36
476	0	0
476	0	0
476	0	0
476	0	0
476	0	0
252	0	224
476	0	0
224	84	168
307	94	75
476	0	0
476	0	0
476	0	0
90	254	132
476	0	0
476	0	0
264	0	212
224	149	103
476	0	0
476	0	0
476	0	0
476	0	0
184	137	155
476	0	0
177	166	133
476	0	0
476	0	0
408	0	68
224	56	196
118	186	172
18	332	126
0	410	66
476	0	0
476	0	0
408	0	68
476	0	0
476	0	0
476	0	0
238	238	0
356	64	56
476	0	0
442	34	0
476	0	0
476	0	0
476	0	0
476	0	0
204	90	182
476	0	0
170	0	306
0	476	0
476	0	0
476	0	0
476	0	0
476	0	0
476	0	0
168	40	268
256	150	70
476	0	0
298	18	160
476	0	0
476	0	0
136	68	272
476	0	0
476	0	0
476	0	0
160	252	64
476	0	0
86	370	20
390	34	52
476	0	0
476	0	0
476	0	0
50	230	196
476	0	0
476	0	0
68	60	348
102	290	84
476	0	0
476	0	0
196	280	0
448	0	28
442	0	34
476	0	0
374	85	17
476	0	0
272	0	204
476	0	0
476	0	0
476	0	0
476	0	0
476	0	0
476	0	0
42	434	0
280	0	196
476	0	0
476	0	0
476	0	0
476	0	0
476	0	0
476	0	0
476	0	0
476	0	0
476	0	0
476	0	0
28	0	448
476	0	0
476	0	0
72	149	255
224	128	124
476	0	0
476	0	0
476	0	0
106	280	90
476	0	0
476	0	0
264	195	17
340	0	136
476	0	0
476	0	0
476	0	0
170	306	0
476	0	0
476	0	0
30	280	166
252	224	0
208	12	256
476	0	0
476	0	0
38	138	300
476	0	0
408	34	34
476	0	0
32	196	248
218	198	60
416	60	0
78	390	8
476	0	0
476	0	0
476	0	0
374	102	0
60	130	286
476	0	0
238	224	14
476	0	0
476	0	0
268	192	16
476	0	0
476	0	0
476	0	0
476	0	0
476	0	0
202	160	114
476	0	0
476	0	0
442	34	0
476	0	0
121	248	107
476	0	0
476	0	0
476	0	0
476	0	0
476	0	0
476	0	0
306	170	0
132	344	0
476	0	0
260	20	196
442	34	0
476	0	0
476	0	0
476	0	0
34	442	0
442	0	34
476	0	0
476	0	0
476	0	0
476	0	0
476	0	0
272	204	0
476	0	0
272	204	0
476	0	0
403	23	50
476	0	0
476	0	0
38	226	212
476	0	0
476	0	0
476	0	0
476	0	0
476	0	0
476	0	0
476	0	0
476	0	0
476	0	0
476	0	0
340	136	0
476	0	0
476	0	0
476	0	0
476	0	0
476	0	0
476	0	0
476	0	0
476	0	0
476	0	0
476	0	0
144	88	244
74	390	12
64	400	12
476	0	0
476	0	0
476	0	0
408	0	68
252	224	0
476	0	0
476	0	0
476	0	0
476	0	0
476	0	0
476	0	0
476	0	0
476	0	0
204	204	68
476	0	0
20	36	420
476	0	0
476	0	0
476	0	0
72	6	398
134	8	334
476	0	0
260	76	140
136	340	0
476	0	0
121	112	243
476	0	0
172	196	108
306	0	170
476	0	0
476	0	0
476	0	0
476	0	0
476	0	0
476	0	0
476	0	0
336	0	140
476	0	0
306	170	0
476	0	0
476	0	0
476	0	0
476	0	0
476	0	0
476	0	0
476	0	0
476	0	0
476	0	0
476	0	0
476	0	0
476	0	0
194	56	226
252	196	28
476	0	0
476	0	0
476	0	0
476	0	0
322	20	134
280	196	0
476	0	0
476	0	0
476	0	0
476	0	0
476	0	0
226	234	16
442	0	34
476	0	0
476	0	0
476	0	0
476	0	0
476	0	0
476	0	0
476	0	0
476	0	0
34	162	280
442	34	0
476	0	0
306	0	170
476	0	0
476	0	0
476	0	0
476	0	0
476	0	0
30	28	418
476	0	0
476	0	0
34	162	280
476	0	0
476	0	0
148	320	8
100	364	12
158	76	242
476	0	0
476	0	0
476	0	0
476	0	0
476	0	0
476	0	0
476	0	0
272	204	0
476	0	0
476	0	0
476	0	0
476	0	0
476	0	0
476	0	0
124	20	332
408	0	68
476	0	0
476	0	0
476	0	0
476	0	0
476	0	0
476	0	0
476	0	0
476	0	0
194	42	240
272	0	204
238	238	0
476	0	0
238	0	238
476	0	0
476	0	0
476	0	0
476	0	0
476	0	0
476	0	0
476	0	0
476	0	0
476	0	0
476	0	0
442	17	17
476	0	0
476	0	0
74	18	384
476	0	0
252	224	0
476	0	0
476	0	0
476	0	0
476	0	0
476	0	0
476	0	0
476	0	0
476	0	0
476	0	0
476	0	0
476	0	0
476	0	0
476	0	0
476	0	0
476	0	0
184	216	76
178	220	78
351	83	42
476	0	0
476	0	0
476	0	0
476	0	0
476	0	0
476	0	0
140	276	60
476	0	0
476	0	0
374	102	0
476	0	0
476	0	0
476	0	0
476	0	0
358	22	96
306	0	170
476	0	0
238	56	182
306	170	0
476	0	0
84	36	356
108	334	34
476	0	0
442	0	34
476	0	0
62	388	26
476	0	0
263	89	124
476	0	0
48	44	384
476	0	0
476	0	0
476	0	0
312	0	164
476	0	0
340	136	0
476	0	0
476	0	0
476	0	0
476	0	0
476	0	0
476	0	0
6	450	20
208	256	12
306	0	170
176	264	36
476	0	0
18	376	82
340	0	136
448	0	28
476	0	0
442	34	0
476	0	0
476	0	0
476	0	0
476	0	0
476	0	0
476	0	0
308	140	28
170	306	0
476	0	0
476	0	0
261	41	174
124	234	118
476	0	0
24	194	258
292	22	162
476	0	0
254	196	26
476	0	0
20	96	360
476	0	0
476	0	0
476	0	0
476	0	0
476	0	0
476	0	0
476	0	0
442	0	34
476	0	0
476	0	0
248	148	80
196	28	252
476	0	0
442	34	0
476	0	0
476	0	0
476	0	0
476	0	0
32	268	176
108	238	130
272	204	0
476	0	0
476	0	0
306	0	170
442	34	0
476	0	0
476	0	0
442	0	34
126	294	56
476	0	0
207	180	89
257	86	133
86	193	197
340	34	102
156	250	70
216	100	160
59	269	148
476	0	0
222	106	148
283	179	14
476	0	0
476	0	0
476	0	0
238	126	112
476	0	0
476	0	0
476	0	0
374	102	0
374	102	0
476	0	0
476	0	0
476	0	0
392	84	0
476	0	0
77	191	208
238	0	238
0	134	342
476	0	0
476	0	0
476	0	0
476	0	0
476	0	0
476	0	0
476	0	0
476	0	0
374	102	0
367	26	83
476	0	0
68	408	0
476	0	0
476	0	0
476	0	0
392	84	0
476	0	0
476	0	0
102	0	374
0	296	180
168	0	308
48	374	54
476	0	0
476	0	0
306	0	170
476	0	0
60	12	404
476	0	0
186	192	98
98	268	110
38	266	172
374	102	0
476	0	0
476	0	0
476	0	0
283	57	136
476	0	0
476	0	0
476	0	0
476	0	0
476	0	0
272	102	102
102	136	238
476	0	0
408	0	68
476	0	0
120	16	340
78	38	360
476	0	0
408	0	68
476	0	0
476	0	0
476	0	0
476	0	0
204	0	272
476	0	0
476	0	0
442	34	0
476	0	0
476	0	0
476	0	0
104	112	260
476	0	0
476	0	0
286	168	22
448	0	28
24	186	266
476	0	0
476	0	0
476	0	0
476	0	0
476	0	0
476	0	0
476	0	0
78	54	344
0	10	466
300	176	0
476	0	0
476	0	0
476	0	0
158	58	260
476	0	0
420	56	0
476	0	0
152	50	274
448	0	28
476	0	0
360	64	52
476	0	0
476	0	0
476	0	0
272	204	0
170	0	306
418	26	32
100	84	292
476	0	0
476	0	0
94	376	6
448	28	0
476	0	0
476	0	0
144	256	76
476	0	0
476	0	0
186	170	120
442	0	34
476	0	0
476	0	0
476	0	0
476	0	0
476	0	0
476	0	0
476	0	0
476	0	0
476	0	0
476	0	0
234	20	222
476	0	0
476	0	0
476	0	0
36	330	110
476	0	0
158	116	202
138	140	198
216	144	116
476	0	0
476	0	0
102	374	0
476	0	0
476	0	0
476	0	0
154	312	10
476	0	0
476	0	0
476	0	0
476	0	0
476	0	0
364	112	0
346	26	104
374	68	34
476	0	0
354	96	26
476	0	0
476	0	0
476	0	0
476	0	0
476	0	0
476	0	0
364	112	0
476	0	0
374	0	102
442	34	0
408	0	68
52	392	32
360	60	56
146	268	62
476	0	0
476	0	0
334	44	98
476	0	0
476	0	0
160	284	32
476	0	0
476	0	0
476	0	0
476	0	0
476	0	0
476	0	0
476	0	0
476	0	0
102	340	34
476	0	0
476	0	0
416	0	60
476	0	0
476	0	0
42	114	320
476	0	0
442	34	0
476	0	0
226	96	154
136	118	222
476	0	0
476	0	0
476	0	0
308	112	56
264	92	120
476	0	0
476	0	0
476	0	0
476	0	0
282	60	134
476	0	0
364	112	0
476	0	0
374	0	102
476	0	0
476	0	0
476	0	0
66	179	231
238	196	42
142	202	132
160	190	126
476	0	0
476	0	0
476	0	0
476	0	0
204	272	0
102	374	0
94	62	320
476	0	0
476	0	0
408	0	68
166	286	24
170	0	306
368	48	60
476	0	0
476	0	0
476	0	0
476	0	0
476	0	0
476	0	0
476	0	0
476	0	0
476	0	0
20	60	396
476	0	0
358	22	96
476	0	0
204	272	0
168	280	28
476	0	0
476	0	0
294	110	72
476	0	0
254	34	188
442	17	17
476	0	0
476	0	0
476	0	0
476	0	0
476	0	0
476	0	0
476	0	0
476	0	0
476	0	0
476	0	0
24	442	10
476	0	0
476	0	0
476	0	0
476	0	0
136	170	170
238	224	14
238	0	238
170	306	0
26	206	244
476	0	0
117	202	157
476	0	0
476	0	0
442	34	0
448	28	0
476	0	0
328	20	128
388	24	64
208	182	86
298	156	22
108	316	52
262	17	197
166	44	266
112	364	0
153	119	204
124	170	182
476	0	0
32	350	94
476	0	0
476	0	0
476	0	0
389	72	15
476	0	0
278	66	132
476	0	0
476	0	0
476	0	0
236	144	96
476	0	0
476	0	0
394	30	52
171	107	198
476	0	0
476	0	0
64	248	164
476	0	0
142	150	184
476	0	0
216	52	208
208	24	244
442	0	34
476	0	0
476	0	0
230	178	68
189	148	139
32	190	254
476	0	0
476	0	0
98	198	180
406	17	53
34	132	310
476	0	0
476	0	0
476	0	0
116	260	100
476	0	0
476	0	0
374	102	0
476	0	0
476	0	0
476	0	0
238	140	98
162	210	104
308	82	86
476	0	0
476	0	0
246	110	120
28	4	444
220	88	168
476	0	0
34	38	404
258	110	108
442	34	0
442	0	34
188	242	46
30	446	0
476	0	0
96	116	264
251	103	122
40	300	136
301	94	81
227	227	22
476	0	0
442	34	0
140	108	228
448	0	28
476	0	0
476	0	0
476	0	0
476	0	0
137	47	292
78	122	276
260	168	48
88	286	102
292	56	128
320	10	146
268	56	152
224	168	84
476	0	0
40	240	196
124	144	208
476	0	0
40	148	288
158	196	122
416	32	28
476	0	0
420	0	56
333	90	53
476	0	0
374	102	0
96	268	112
204	0	272
234	136	106
476	0	0
186	224	66
283	135	58
228	198	50
442	34	0
148	46	282
476	0	0
442	0	34
476	0	0
238	42	196
476	0	0
67	184	225
250	185	41
300	132	44
58	120	298
374	0	102
476	0	0
476	0	0
194	26	256
69	274	133
14	444	18
476	0	0
24	194	258
164	114	198
476	0	0
476	0	0
420	56	0
216	14	246
476	0	0
476	0	0
476	0	0
130	28	318
341	81	54
150	142	184
106	8	362
476	0	0
70	36	370
99	142	235
476	0	0
476	0	0
476	0	0
90	176	210
56	148	272
200	87	189
476	0	0
476	0	0
476	0	0
268	120	88
150	197	129
476	0	0
476	0	0
186	20	270
476	0	0
112	186	178
476	0	0
448	28	0
476	0	0
12	106	358
476	0	0
476	0	0
476	0	0
102	226	148
476	0	0
106	220	150
136	0	340
476	0	0
476	0	0
54	348	74
476	0	0
288	124	64
476	0	0
264	180	32
442	34	0
208	12	256
476	0	0
260	168	48
476	0	0
476	0	0
476	0	0
476	0	0
476	0	0
290	150	36
476	0	0
476	0	0
476	0	0
256	102	118
136	340	0
44	62	370
476	0	0
476	0	0
134	160	182
442	34	0
98	86	292
136	340	0
476	0	0
476	0	0
476	0	0
362	27	87
476	0	0
476	0	0
364	112	0
238	196	42
476	0	0
476	0	0
10	104	362
442	34	0
476	0	0
418	32	26
476	0	0
476	0	0
328	128	20
208	240	28
476	0	0
172	280	24
476	0	0
26	270	180
476	0	0
174	56	246
476	0	0
476	0	0
476	0	0
476	0	0
220	144	112
420	0	56
102	266	108
476	0	0
138	286	52
172	170	134
476	0	0
420	56	0
476	0	0
476	0	0
476	0	0
128	330	18
442	34	0
206	184	86
476	0	0
112	356	8
442	34	0
476	0	0
68	408	0
476	0	0
202	14	260
476	0	0
226	16	234
98	84	294
116	100	260
202	14	260
476	0	0
476	0	0
476	0	0
32	260	184
476	0	0
20	56	400
202	14	260
202	260	14
124	300	52
476	0	0
232	160	84
476	0	0
476	0	0
476	0	0
476	0	0
476	0	0
196	240	40
246	104	126
46	56	374
476	0	0
476	0	0
476	0	0
46	278	152
476	0	0
126	296	54
268	192	16
476	0	0
476	0	0
476	0	0
80	158	238
476	0	0
0	462	14
476	0	0
476	0	0
322	130	24
476	0	0
476	0	0
476	0	0
308	168	0
476	0	0
476	0	0
476	0	0
44	234	198
476	0	0
476	0	0
476	0	0
476	0	0
476	0	0
374	0	102
476	0	0
476	0	0
154	242	80
34	0	442
34	442	0
408	68	0
476	0	0
60	392	24
476	0	0
476	0	0
476	0	0
476	0	0
24	294	158
374	102	0
6	214	256
146	172	158
476	0	0
476	0	0
476	0	0
476	0	0
116	268	92
476	0	0
476	0	0
476	0	0
476	0	0
34	442	0
476	0	0
96	329	51
476	0	0
476	0	0
241	139	96
52	286	138
476	0	0
56	170	250
476	0	0
476	0	0
476	0	0
476	0	0
230	54	192
476	0	0
476	0	0
476	0	0
38	208	230
448	28	0
476	0	0
442	34	0
476	0	0
476	0	0
476	0	0
476	0	0
476	0	0
476	0	0
476	0	0
476	0	0
272	0	204
476	0	0
476	0	0
476	0	0
476	0	0
476	0	0
476	0	0
420	56	0
476	0	0
476	0	0
476	0	0
476	0	0
102	202	172
476	0	0
476	0	0
476	0	0
476	0	0
476	0	0
476	0	0
476	0	0
476	0	0
476	0	0
28	364	84
476	0	0
107	342	27
278	66	132
476	0	0
476	0	0
417	32	27
476	0	0
162	146	168
110	116	250
124	208	144
476	0	0
476	0	0
476	0	0
268	168	40
24	42	410
0	476	0
476	0	0
476	0	0
476	0	0
84	120	272
476	0	0
306	170	0
476	0	0
476	0	0
0	476	0
476	0	0
476	0	0
476	0	0
476	0	0
476	0	0
476	0	0
476	0	0
172	280	24
476	0	0
476	0	0
24	370	82
84	228	164
76	208	192
476	0	0
476	0	0
476	0	0
476	0	0
476	0	0
290	162	24
476	0	0
363	11	102
476	0	0
306	170	0
306	170	0
194	42	240
476	0	0
238	238	0
238	238	0
224	70	182
192	48	236
220	48	208
304	112	60
476	0	0
162	246	68
476	0	0
476	0	0
476	0	0
224	238	14
236	192	48
476	0	0
158	136	182
476	0	0
168	195	113
238	238	0
476	0	0
476	0	0
248	96	132
60	76	340
476	0	0
192	192	92
476	0	0
476	0	0
476	0	0
476	0	0
476	0	0
0	356	120
476	0	0
476	0	0
476	0	0
364	64	48
476	0	0
476	0	0
442	34	0
476	0	0
442	0	34
448	0	28
170	0	306
476	0	0
32	36	408
158	252	66
392	0	84
124	200	152
218	154	104
274	130	72
236	144	96
476	0	0
252	80	144
242	149	85
476	0	0
476	0	0
476	0	0
64	324	88
476	0	0
476	0	0
476	0	0
178	114	184
476	0	0
160	290	26
476	0	0
476	0	0
476	0	0
38	366	72
476	0	0
20	50	406
476	0	0
274	182	20
476	0	0
476	0	0
476	0	0
20	292	164
476	0	0
448	28	0
476	0	0
250	18	208
84	0	392
476	0	0
476	0	0
140	336	0
132	192	152
476	0	0
224	0	252
476	0	0
476	0	0
476	0	0
476	0	0
476	0	0
476	0	0
392	0	84
476	0	0
476	0	0
476	0	0
476	0	0
476	0	0
66	170	240
476	0	0
476	0	0
476	0	0
476	0	0
52	344	80
150	214	112
442	0	34
476	0	0
280	100	96
262	60	154
476	0	0
476	0	0
306	0	170
476	0	0
476	0	0
476	0	0
476	0	0
264	44	168
448	0	28
476	0	0
2	58	416
476	0	0
374	0	102
418	26	32
476	0	0
476	0	0
330	60	86
476	0	0
340	136	0
476	0	0
416	26	34
128	304	44
476	0	0
476	0	0
476	0	0
448	28	0
476	0	0
136	214	126
476	0	0
146	302	28
170	306	0
476	0	0
476	0	0
476	0	0
476	0	0
28	240	208
476	0	0
180	144	152
476	0	0
476	0	0
476	0	0
476	0	0
271	24	181
58	28	390
476	0	0
476	0	0
476	0	0
476	0	0
476	0	0
374	0	102
476	0	0
476	0	0
272	204	0
22	42	412
476	0	0
476	0	0
306	170	0
272	0	204
476	0	0
272	0	204
476	0	0
152	202	122
68	226	182
476	0	0
476	0	0
476	0	0
476	0	0
476	0	0
476	0	0
476	0	0
476	0	0
476	0	0
476	0	0
476	0	0
306	170	0
476	0	0
476	0	0
476	0	0
420	0	56
476	0	0
318	28	130
476	0	0
476	0	0
408	32	36
476	0	0
476	0	0
476	0	0
44	257	175
476	0	0
72	382	22
82	202	192
178	10	288
476	0	0
476	0	0
476	0	0
136	272	68
94	56	326
336	0	140
476	0	0
328	52	96
476	0	0
476	0	0
476	0	0
476	0	0
20	208	248
442	34	0
476	0	0
384	64	28
476	0	0
476	0	0
476	0	0
476	0	0
394	52	30
476	0	0
476	0	0
266	96	114
476	0	0
368	48	60
266	90	120
476	0	0
316	108	52
476	0	0
476	0	0
174	254	48
476	0	0
476	0	0
476	0	0
476	0	0
476	0	0
476	0	0
374	0	102
476	0	0
252	178	46
278	132	66
476	0	0
476	0	0
476	0	0
476	0	0
476	0	0
476	0	0
476	0	0
186	50	240
476	0	0
476	0	0
476	0	0
476	0	0
476	0	0
476	0	0
476	0	0
90	386	0
476	0	0
476	0	0
170	104	202
476	0	0
476	0	0
476	0	0
476	0	0
476	0	0
70	56	350
476	0	0
10	298	168
352	22	102
374	0	102
476	0	0
340	136	0
52	268	156
476	0	0
476	0	0
476	0	0
148	8	320
476	0	0
476	0	0
476	0	0
476	0	0
374	102	0
208	220	48
476	0	0
88	272	116
476	0	0
476	0	0
298	156	22
476	0	0
476	0	0
442	0	34
374	0	102
408	68	0
272	204	0
218	132	126
52	292	132
476	0	0
476	0	0
476	0	0
476	0	0
476	0	0
476	0	0
476	0	0
476	0	0
476	0	0
476	0	0
476	0	0
476	0	0
386	26	64
476	0	0
340	0	136
476	0	0
476	0	0
476	0	0
476	0	0
476	0	0
476	0	0
476	0	0
476	0	0
476	0	0
476	0	0
476	0	0
476	0	0
476	0	0
476	0	0
476	0	0
476	0	0
476	0	0
476	0	0
394	30	52
476	0	0
336	140	0
476	0	0
194	188	94
420	56	0
476	0	0
196	192	88
476	0	0
476	0	0
248	20	208
476	0	0
476	0	0
476	0	0
310	88	78
476	0	0
476	0	0
476	0	0
326	130	20
476	0	0
204	0	272
476	0	0
110	98	268
476	0	0
250	100	126
476	0	0
476	0	0
476	0	0
476	0	0
476	0	0
476	0	0
476	0	0
476	0	0
476	0	0
476	0	0
476	0	0
476	0	0
476	0	0
476	0	0
476	0	0
476	0	0
476	0	0
476	0	0
268	192	16
178	12	286
448	0	28
476	0	0
476	0	0
476	0	0
476	0	0
476	0	0
220	136	120
476	0	0
442	0	34
476	0	0
476	0	0
198	14	264
476	0	0
476	0	0
158	176	142
476	0	0
476	0	0
476	0	0
476	0	0
476	0	0
408	0	68
476	0	0
272	0	204
238	238	0
476	0	0
476	0	0
476	0	0
476	0	0
476	0	0
476	0	0
448	0	28
34	344	98
34	382	60
10	466	0
170	306	0
476	0	0
476	0	0
476	0	0
476	0	0
14	306	156
476	0	0
476	0	0
340	136	0
476	0	0
476	0	0
476	0	0
476	0	0
476	0	0
476	0	0
308	0	168
476	0	0
242	144	90
476	0	0
476	0	0
78	264	134
476	0	0
476	0	0
2	316	158
476	0	0
306	170	0
28	448	0
476	0	0
306	0	170
317	82	77
408	0	68
476	0	0
476	0	0
388	24	64
476	0	0
476	0	0
476	0	0
254	124	98
99	211	166
476	0	0
270	88	118
204	272	0
476	0	0
476	0	0
476	0	0
476	0	0
476	0	0
476	0	0
476	0	0
241	59	176
476	0	0
476	0	0
476	0	0
476	0	0
476	0	0
476	0	0
123	196	157
476	0	0
152	188	136
476	0	0
40	256	180
224	112	140
476	0	0
326	66	84
476	0	0
476	0	0
476	0	0
476	0	0
476	0	0
476	0	0
476	0	0
394	52	30
476	0	0
156	262	58
248	46	182
157	136	183
36	360	80
476	0	0
476	0	0
476	0	0
476	0	0
476	0	0
140	56	280
136	340	0
476	0	0
374	102	0
302	144	30
476	0	0
476	0	0
476	0	0
476	0	0
476	0	0
476	0	0
476	0	0
476	0	0
392	56	28
124	342	10
408	68	0
476	0	0
476	0	0
102	0	374
238	238	0
42	266	168
172	48	256
260	48	168
216	224	36
448	28	0
476	0	0
408	68	0
476	0	0
374	102	0
476	0	0
136	340	0
476	0	0
476	0	0
476	0	0
476	0	0
476	0	0
476	0	0
476	0	0
476	0	0
420	14	42
476	0	0
476	0	0
442	34	0
130	8	338
476	0	0
442	34	0
476	0	0
408	0	68
476	0	0
0	102	374
476	0	0
34	442	0
448	0	28
278	132	66
58	338	80
476	0	0
476	0	0
476	0	0
476	0	0
476	0	0
476	0	0
476	0	0
476	0	0
476	0	0
476	0	0
476	0	0
476	0	0
476	0	0
168	0	308
476	0	0
476	0	0
84	392	0
476	0	0
476	0	0
476	0	0
192	106	178
476	0	0
476	0	0
476	0	0
476	0	0
476	0	0
476	0	0
476	0	0
476	0	0
476	0	0
448	28	0
276	178	22
476	0	0
268	124	84
90	380	6
476	0	0
364	60	52
106	210	160
476	0	0
476	0	0
476	0	0
340	136	0
476	0	0
476	0	0
88	252	136
476	0	0
476	0	0
476	0	0
476	0	0
476	0	0
238	112	126
228	64	184
476	0	0
348	104	24
476	0	0
476	0	0
476	0	0
476	0	0
476	0	0
476	0	0
476	0	0
280	96	100
476	0	0
224	236	16
476	0	0
476	0	0
476	0	0
476	0	0
476	0	0
476	0	0
476	0	0
82	4	390
476	0	0
476	0	0
476	0	0
476	0	0
420	56	0
253	145	78
476	0	0
220	156	100
188	36	252
210	42	224
144	30	302
226	130	120
476	0	0
120	260	96
476	0	0
476	0	0
476	0	0
272	0	204
476	0	0
322	24	130
28	0	448
476	0	0
394	52	30
476	0	0
222	20	234
182	112	182
82	252	142
476	0	0
476	0	0
476	0	0
476	0	0
476	0	0
476	0	0
476	0	0
476	0	0
476	0	0
476	0	0
476	0	0
374	0	102
104	214	158
476	0	0
476	0	0
408	68	0
476	0	0
476	0	0
476	0	0
476	0	0
52	420	4
476	0	0
162	90	224
74	42	360
476	0	0
120	356	0
152	164	160
204	272	0
476	0	0
476	0	0
476	0	0
476	0	0
476	0	0
140	0	336
476	0	0
476	0	0
476	0	0
476	0	0
476	0	0
170	0	306
124	258	94
442	0	34
476	0	0
50	224	202
476	0	0
418	26	32
476	0	0
476	0	0
476	0	0
260	48	168
374	0	102
476	0	0
476	0	0
476	0	0
262	54	160
476	0	0
476	0	0
476	0	0
148	160	168
476	0	0
476	0	0
476	0	0
476	0	0
208	52	216
122	338	16
442	17	17
476	0	0
476	0	0
476	0	0
476	0	0
476	0	0
476	0	0
56	290	130
476	0	0
216	224	36
348	56	72
476	0	0
100	278	98
476	0	0
476	0	0
312	24	140
476	0	0
476	0	0
476	0	0
170	0	306
122	16	338
158	156	162
476	0	0
238	182	56
476	0	0
476	0	0
328	128	20
476	0	0
476	0	0
476	0	0
166	234	76
476	0	0
30	204	242
346	104	26
476	0	0
476	0	0
476	0	0
476	0	0
476	0	0
476	0	0
476	0	0
48	428	0
476	0	0
476	0	0
476	0	0
476	0	0
476	0	0
476	0	0
48	310	118
476	0	0
348	56	72
476	0	0
476	0	0
244	72	160
26	150	300
476	0	0
476	0	0
476	0	0
476	0	0
144	188	144
98	60	318
476	0	0
476	0	0
476	0	0
60	42	374
174	288	14
78	196	202
228	176	72
476	0	0
442	34	0
68	408	0
102	272	102
476	0	0
34	0	442
476	0	0
408	34	34
476	0	0
476	0	0
476	0	0
476	0	0
218	112	146
476	0	0
476	0	0
476	0	0
170	170	136
476	0	0
476	0	0
306	0	170
476	0	0
476	0	0
476	0	0
52	320	104
476	0	0
90	88	298
476	0	0
204	0	272
476	0	0
340	0	136
92	174	210
476	0	0
476	0	0
476	0	0
104	286	86
476	0	0
188	76	212
184	148	144
476	0	0
476	0	0
448	0	28
182	238	56
182	56	238
34	414	28
476	0	0
476	0	0
374	102	0
88	4	384
476	0	0
280	160	36
476	0	0
476	0	0
418	26	32
476	0	0
476	0	0
476	0	0
476	0	0
476	0	0
340	0	136
476	0	0
408	68	0
476	0	0
408	0	68
476	0	0
246	152	78
162	170	144
176	160	140
476	0	0
476	0	0
172	180	124
476	0	0
476	0	0
476	0	0
476	0	0
476	0	0
476	0	0
476	0	0
476	0	0
78	50	348
392	0	84
244	72	160
302	88	86
476	0	0
68	182	226
110	104	262
336	90	50
392	0	84
392	0	84
68	34	374
476	0	0
374	102	0
196	252	28
476	0	0
476	0	0
476	0	0
112	84	280
242	120	114
448	28	0
242	150	84
476	0	0
164	144	168
150	184	142
476	0	0
174	82	220
364	84	28
476	0	0
476	0	0
476	0	0
260	24	192
476	0	0
340	0	136
64	378	34
476	0	0
476	0	0
476	0	0
0	476	0
102	374	0
238	238	0
306	170	0
476	0	0
476	0	0
476	0	0
476	0	0
476	0	0
476	0	0
188	192	96
290	26	160
476	0	0
374	102	0
68	0	408
476	0	0
144	22	310
476	0	0
476	0	0
476	0	0
476	0	0
476	0	0
388	88	0
408	68	0
408	0	68
300	0	176
56	208	212
408	68	0
476	0	0
374	0	102
476	0	0
102	0	374
0	38	438
348	72	56
292	72	112
148	312	16
270	206	0
344	26	106
346	26	104
374	0	102
476	0	0
52	224	200
476	0	0
476	0	0
364	0	112
30	210	236
196	0	280
476	0	0
476	0	0
476	0	0
476	0	0
130	346	0
242	52	182
420	56	0
476	0	0
476	0	0
476	0	0
32	15	429
118	272	86
106	6	364
476	0	0
476	0	0
194	143	139
374	0	102
476	0	0
476	0	0
476	0	0
476	0	0
442	0	34
20	14	442
476	0	0
476	0	0
112	336	28
323	44	109
476	0	0
339	55	82
476	0	0
476	0	0
32	386	58
392	84	0
476	0	0
476	0	0
476	0	0
98	180	198
338	34	104
476	0	0
476	0	0
476	0	0
476	0	0
224	0	252
208	16	252
476	0	0
204	0	272
476	0	0
476	0	0
476	0	0
476	0	0
476	0	0
476	0	0
418	32	26
476	0	0
238	238	0
272	204	0
275	116	85
476	0	0
130	174	172
476	0	0
178	286	12
476	0	0
308	0	168
188	132	156
476	0	0
476	0	0
476	0	0
476	0	0
0	476	0
68	34	374
476	0	0
200	76	200
476	0	0
476	0	0
306	170	0
476	0	0
476	0	0
476	0	0
476	0	0
476	0	0
476	0	0
476	0	0
476	0	0
476	0	0
238	0	238
476	0	0
288	144	44
84	384	8
476	0	0
476	0	0
442	34	0
476	0	0
234	24	218
476	0	0
288	188	0
448	28	0
476	0	0
392	0	84
476	0	0
80	242	154
140	0	336
476	0	0
126	12	338
476	0	0
381	46	49
48	248	180
10	334	132
144	60	272
476	0	0
476	0	0
476	0	0
338	112	26
476	0	0
374	102	0
476	0	0
476	0	0
140	0	336
30	16	430
476	0	0
476	0	0
476	0	0
476	0	0
476	0	0
176	276	24
30	446	0
476	0	0
476	0	0
476	0	0
476	0	0
476	0	0
476	0	0
476	0	0
476	0	0
476	0	0
476	0	0
476	0	0
476	0	0
476	0	0
394	26	56
476	0	0
476	0	0
0	300	176
476	0	0
308	168	0
476	0	0
476	0	0
214	14	248
476	0	0
259	110	107
476	0	0
476	0	0
206	96	174
476	0	0
88	152	236
442	34	0
448	0	28
476	0	0
476	0	0
476	0	0
476	0	0
204	94	178
476	0	0
476	0	0
476	0	0
476	0	0
476	0	0
442	0	34
238	42	196
374	0	102
476	0	0
476	0	0
476	0	0
476	0	0
476	0	0
4	280	192
476	0	0
476	0	0
476	0	0
476	0	0
476	0	0
442	34	0
476	0	0
476	0	0
476	0	0
476	0	0
476	0	0
476	0	0
476	0	0
476	0	0
448	0	28
476	0	0
476	0	0
476	0	0
476	0	0
286	164	26
8	72	396
442	0	34
326	54	96
30	104	342
476	0	0
476	0	0
476	0	0
476	0	0
374	34	68
374	102	0
476	0	0
476	0	0
476	0	0
76	204	196
442	34	0
102	374	0
8	336	132
476	0	0
476	0	0
476	0	0
476	0	0
476	0	0
476	0	0
476	0	0
476	0	0
476	0	0
98	148	230
476	0	0
128	284	64
476	0	0
476	0	0
476	0	0
476	0	0
476	0	0
476	0	0
476	0	0
330	112	34
392	52	32
476	0	0
476	0	0
476	0	0
476	0	0
108	238	130
0	444	32
172	288	16
288	160	28
476	0	0
476	0	0
476	0	0
476	0	0
386	64	26
408	68	0
476	0	0
476	0	0
476	0	0
420	0	56
420	56	0
476	0	0
476	0	0
476	0	0
476	0	0
476	0	0
476	0	0
476	0	0
476	0	0
476	0	0
476	0	0
476	0	0
476	0	0
476	0	0
476	0	0
476	0	0
442	34	0
306	170	0
476	0	0
476	0	0
248	64	164
238	0	238
476	0	0
476	0	0
302	32	142
476	0	0
116	140	220
476	0	0
476	0	0
408	68	0
84	179	213
476	0	0
476	0	0
476	0	0
374	68	34
408	0	68
476	0	0
476	0	0
476	0	0
476	0	0
476	0	0
476	0	0
230	154	92
476	0	0
476	0	0
152	104	220
476	0	0
68	408	0
476	0	0
476	0	0
476	0	0
476	0	0
476	0	0
476	0	0
476	0	0
476	0	0
476	0	0
476	0	0
76	208	192
476	0	0
476	0	0
476	0	0
476	0	0
476	0	0
476	0	0
96	102	278
476	0	0
476	0	0
476	0	0
476	0	0
10	320	146
336	84	56
476	0	0
442	0	34
127	169	180
476	0	0
476	0	0
476	0	0
238	0	238
476	0	0
408	68	0
476	0	0
476	0	0
476	0	0
476	0	0
476	0	0
476	0	0
476	0	0
0	146	330
476	0	0
476	0	0
476	0	0
130	318	28
476	0	0
476	0	0
106	358	12
476	0	0
310	34	132
20	334	122
476	0	0
476	0	0
476	0	0
52	236	188
476	0	0
222	164	90
476	0	0
476	0	0
106	258	112
476	0	0
476	0	0
476	0	0
476	0	0
174	78	224
82	219	175
476	0	0
476	0	0
388	37	51
56	272	148
50	306	120
238	238	0
24	270	182
70	180	226
70	110	296
272	0	204
448	28	0
476	0	0
476	0	0
476	0	0
476	0	0
476	0	0
238	204	34
476	0	0
476	0	0
476	0	0
476	0	0
144	204	128
476	0	0
476	0	0
476	0	0
476	0	0
476	0	0
180	196	100
476	0	0
44	410	22
170	0	306
280	100	96
476	0	0
476	0	0
476	0	0
476	0	0
420	56	0
476	0	0
476	0	0
476	0	0
476	0	0
476	0	0
476	0	0
476	0	0
476	0	0
476	0	0
476	0	0
476	0	0
136	238	102
476	0	0
476	0	0
476	0	0
476	0	0
46	330	100
476	0	0
476	0	0
476	0	0
95	210	171
476	0	0
476	0	0
476	0	0
476	0	0
476	0	0
476	0	0
476	0	0
132	102	242
476	0	0
352	28	96
476	0	0
476	0	0
476	0	0
476	0	0
476	0	0
476	0	0
34	442	0
476	0	0
270	156	50
476	0	0
316	125	35
476	0	0
476	0	0
476	0	0
476	0	0
476	0	0
476	0	0
476	0	0
476	0	0
476	0	0
370	78	28
476	0	0
476	0	0
476	0	0
476	0	0
476	0	0
250	18	208
274	182	20
476	0	0
52	286	138
392	0	84
476	0	0
130	8	338
408	0	68
476	0	0
476	0	0
476	0	0
476	0	0
476	0	0
476	0	0
476	0	0
90	106	280
476	0	0
36	50	390
476	0	0
80	146	250
476	0	0
476	0	0
476	0	0
476	0	0
325	121	30
476	0	0
476	0	0
476	0	0
476	0	0
476	0	0
154	222	100
476	0	0
476	0	0
10	328	138
374	102	0
476	0	0
232	84	160
476	0	0
368	48	60
476	0	0
476	0	0
476	0	0
476	0	0
476	0	0
476	0	0
476	0	0
476	0	0
476	0	0
0	476	0
102	272	102
476	0	0
476	0	0
476	0	0
476	0	0
476	0	0
72	344	60
476	0	0
476	0	0
408	0	68
154	10	312
476	0	0
476	0	0
476	0	0
476	0	0
476	0	0
476	0	0
408	0	68
306	0	170
476	0	0
200	108	168
476	0	0
476	0	0
476	0	0
442	34	0
476	0	0
336	0	140
476	0	0
476	0	0
476	0	0
476	0	0
476	0	0
408	68	0
442	0	34
108	112	256
476	0	0
476	0	0
278	90	108
476	0	0
476	0	0
476	0	0
408	34	34
374	102	0
433	26	17
476	0	0
210	50	216
236	226	14
476	0	0
476	0	0
156	298	22
476	0	0
476	0	0
476	0	0
476	0	0
476	0	0
476	0	0
442	0	34
267	208	1
476	0	0
104	120	252
18	264	194
476	0	0
476	0	0
476	0	0
476	0	0
448	0	28
476	0	0
476	0	0
476	0	0
476	0	0
476	0	0
340	0	136
476	0	0
476	0	0
476	0	0
34	272	170
476	0	0
476	0	0
476	0	0
476	0	0
476	0	0
476	0	0
240	140	96
476	0	0
476	0	0
476	0	0
136	0	340
476	0	0
442	0	34
476	0	0
128	336	12
476	0	0
12	342	122
476	0	0
58	242	176
374	0	102
306	170	0
62	80	334
476	0	0
476	0	0
476	0	0
476	0	0
476	0	0
476	0	0
240	0	236
0	424	52
476	0	0
272	204	0
476	0	0
476	0	0
340	136	0
476	0	0
476	0	0
374	102	0
476	0	0
276	160	40
476	0	0
476	0	0
476	0	0
24	24	428
476	0	0
476	0	0
476	0	0
306	0	170
144	308	24
476	0	0
476	0	0
442	34	0
476	0	0
168	108	200
476	0	0
476	0	0
196	110	170
160	248	68
220	234	22
38	90	348
476	0	0
306	170	0
374	102	0
202	234	40
360	116	0
476	0	0
408	68	0
248	132	96
476	0	0
306	170	0
476	0	0
340	34	102
476	0	0
476	0	0
476	0	0
476	0	0
476	0	0
448	0	28
476	0	0
476	0	0
72	340	64
476	0	0
476	0	0
274	182	20
156	294	26
442	0	34
10	184	282
392	0	84
476	0	0
476	0	0
476	0	0
476	0	0
476	0	0
248	54	174
476	0	0
476	0	0
476	0	0
408	0	68
102	204	170
268	88	120
272	204	0
154	152	170
476	0	0
476	0	0
334	86	56
298	18	160
476	0	0
42	370	64
170	94	212
408	68	0
142	176	158
476	0	0
306	0	170
408	0	68
90	80	306
476	0	0
182	136	158
408	68	0
328	128	20
476	0	0
476	0	0
476	0	0
476	0	0
128	306	42
476	0	0
98	250	128
476	0	0
476	0	0
476	0	0
34	0	442
140	274	62
279	25	172
160	24	292
448	28	0
132	232	112
184	229	63
476	0	0
96	44	336
476	0	0
442	34	0
102	374	0
476	0	0
476	0	0
476	0	0
74	118	284
432	32	12
232	84	160
476	0	0
168	0	308
204	272	0
442	0	34
60	352	64
256	100	120
52	406	18
202	40	234
186	124	166
136	34	306
192	100	184
204	68	204
476	0	0
476	0	0
230	114	132
442	0	34
340	136	0
476	0	0
306	0	170
476	0	0
448	0	28
476	0	0
74	182	220
58	388	30
378	50	48
448	28	0
288	140	48
476	0	0
476	0	0
476	0	0
448	0	28
476	0	0
476	0	0
152	226	98
390	30	56
476	0	0
476	0	0
476	0	0
476	0	0
476	0	0
476	0	0
14	116	346
476	0	0
364	0	112
306	136	34
252	136	88
476	0	0
476	0	0
36	282	158
476	0	0
476	0	0
476	0	0
476	0	0
476	0	0
476	0	0
476	0	0
476	0	0
476	0	0
476	0	0
476	0	0
408	68	0
374	0	102
476	0	0
476	0	0
48	336	92
476	0	0
476	0	0
476	0	0
476	0	0
476	0	0
476	0	0
64	236	176
62	336	78
476	0	0
476	0	0
442	0	34
476	0	0
476	0	0
476	0	0
476	0	0
476	0	0
476	0	0
6	438	32
204	130	142
476	0	0
178	286	12
374	102	0
170	0	306
224	32	220
232	160	84
476	0	0
374	0	102
476	0	0
476	0	0
268	88	120
442	34	0
374	0	102
476	0	0
476	0	0
476	0	0
170	0	306
216	224	36
476	0	0
476	0	0
176	132	168
476	0	0
476	0	0
476	0	0
408	68	0
476	0	0
476	0	0
476	0	0
476	0	0
204	0	272
476	0	0
361	44	71
476	0	0
476	0	0
476	0	0
256	140	80
476	0	0
476	0	0
476	0	0
459	17	0
476	0	0
476	0	0
74	16	386
476	0	0
152	44	280
476	0	0
476	0	0
305	53	118
320	96	60
476	0	0
76	210	190
168	110	198
476	0	0
476	0	0
476	0	0
476	0	0
68	408	0
476	0	0
476	0	0
476	0	0
476	0	0
148	228	100
476	0	0
156	164	156
476	0	0
124	84	268
476	0	0
306	0	170
476	0	0
82	244	150
476	0	0
476	0	0
459	0	17
164	52	260
442	0	34
176	276	24
386	24	66
374	102	0
476	0	0
476	0	0
476	0	0
322	130	24
408	68	0
476	0	0
476	0	0
476	0	0
476	0	0
42	382	52
476	0	0
228	148	100
408	68	0
2	208	266
476	0	0
476	0	0
476	0	0
328	96	52
476	0	0
442	0	34
394	30	52
476	0	0
280	110	86
334	44	98
10	226	240
476	0	0
374	51	51
8	384	84
476	0	0
192	158	126
476	0	0
476	0	0
180	42	254
476	0	0
476	0	0
476	0	0
476	0	0
476	0	0
476	0	0
476	0	0
476	0	0
476	0	0
476	0	0
442	0	34
476	0	0
476	0	0
476	0	0
476	0	0
476	0	0
130	44	302
448	28	0
476	0	0
476	0	0
448	28	0
448	0	28
476	0	0
476	0	0
476	0	0
476	0	0
476	0	0
448	0	28
476	0	0
272	102	102
476	0	0
238	42	196
476	0	0
408	68	0
232	64	180
476	0	0
476	0	0
476	0	0
170	216	90
476	0	0
52	306	118
160	158	158
238	204	34
476	0	0
476	0	0
340	136	0
476	0	0
374	102	0
12	250	214
238	112	126
442	34	0
306	0	170
476	0	0
50	270	156
476	0	0
476	0	0
374	102	0
476	0	0
476	0	0
476	0	0
476	0	0
476	0	0
138	236	102
476	0	0
476	0	0
476	0	0
296	120	60
476	0	0
476	0	0
476	0	0
144	166	166
476	0	0
476	0	0
476	0	0
416	32	28
476	0	0
420	56	0
6	324	146
392	54	30
476	0	0
476	0	0
418	32	26
442	34	0
442	34	0
476	0	0
448	0	28
172	88	216
476	0	0
420	56	0
420	56	0
476	0	0
476	0	0
476	0	0
476	0	0
476	0	0
476	0	0
476	0	0
476	0	0
360	67	49
476	0	0
476	0	0
112	364	0
408	68	0
476	0	0
122	152	202
476	0	0
476	0	0
476	0	0
476	0	0
476	0	0
256	100	120
476	0	0
62	202	212
476	0	0
146	134	196
212	54	210
476	0	0
476	0	0
416	26	34
476	0	0
248	132	96
476	0	0
476	0	0
476	0	0
114	214	148
476	0	0
476	0	0
88	268	120
476	0	0
476	0	0
246	106	124
70	272	134
102	156	218
476	0	0
476	0	0
203	134	139
154	80	242
238	0	238
10	42	424
32	358	86
476	0	0
476	0	0
170	153	153
476	0	0
442	0	34
476	0	0
476	0	0
476	0	0
368	60	48
97	307	72
476	0	0
476	0	0
476	0	0
476	0	0
476	0	0
476	0	0
84	106	286
476	0	0
476	0	0
476	0	0
476	0	0
476	0	0
476	0	0
108	182	186
476	0	0
476	0	0
476	0	0
110	334	32
476	0	0
476	0	0
72	222	182
340	136	0
80	346	50
86	300	90
198	260	18
476	0	0
476	0	0
70	136	270
476	0	0
20	284	172
136	174	166
202	260	14
476	0	0
170	0	306
476	0	0
476	0	0
392	54	30
476	0	0
72	192	212
476	0	0
340	136	0
476	0	0
47	149	280
476	0	0
476	0	0
144	160	172
476	0	0
238	238	0
26	302	148
238	238	0
202	260	14
476	0	0
476	0	0
168	288	20
476	0	0
476	0	0
308	0	168
74	24	378
476	0	0
144	316	16
476	0	0
476	0	0
126	338	12
476	0	0
476	0	0
476	0	0
476	0	0
476	0	0
476	0	0
476	0	0
476	0	0
62	72	342
304	84	88
476	0	0
476	0	0
476	0	0
476	0	0
476	0	0
476	0	0
476	0	0
274	20	182
476	0	0
476	0	0
476	0	0
476	0	0
476	0	0
24	244	208
476	0	0
264	76	136
78	180	218
306	0	170
116	62	298
476	0	0
118	6	352
286	138	52
442	34	0
184	260	32
476	0	0
318	134	24
476	0	0
476	0	0
476	0	0
442	34	0
476	0	0
476	0	0
192	14	270
36	160	280
476	0	0
50	24	402
476	0	0
476	0	0
476	0	0
476	0	0
476	0	0
36	236	204
394	52	30
476	0	0
476	0	0
130	144	202
168	154	154
476	0	0
476	0	0
476	0	0
476	0	0
292	102	82
476	0	0
476	0	0
476	0	0
476	0	0
476	0	0
408	68	0
408	0	68
476	0	0
476	0	0
238	238	0
476	0	0
476	0	0
442	34	0
176	222	78
282	140	54
448	0	28
476	0	0
476	0	0
476	0	0
476	0	0
114	212	150
28	146	302
476	0	0
476	0	0
476	0	0
476	0	0
476	0	0
476	0	0
476	0	0
476	0	0
476	0	0
274	20	182
476	0	0
476	0	0
476	0	0
154	212	110
476	0	0
324	88	64
476	0	0
128	8	340
476	0	0
476	0	0
476	0	0
476	0	0
476	0	0
476	0	0
476	0	0
476	0	0
442	0	34
476	0	0
476	0	0
184	154	138
34	442	0
476	0	0
476	0	0
408	0	68
192	40	244
476	0	0
181	94	201
324	73	79
306	170	0
236	86	154
260	114	102
284	88	104
476	0	0
476	0	0
102	134	240
476	0	0
476	0	0
28	448	0
476	0	0
476	0	0
272	0	204
306	170	0
268	192	16
442	34	0
168	173	135
86	4	386
370	28	78
476	0	0
476	0	0
262	60	154
476	0	0
476	0	0
476	0	0
476	0	0
408	0	68
476	0	0
420	0	56
476	0	0
96	206	174
476	0	0
252	28	196
92	22	362
198	36	242
170	0	306
102	374	0
476	0	0
34	442	0
476	0	0
476	0	0
110	336	30
374	34	68
476	0	0
476	0	0
476	0	0
30	216	230
82	4	390
40	18	418
476	0	0
238	238	0
238	196	42
476	0	0
476	0	0
476	0	0
66	156	254
476	0	0
476	0	0
52	392	32
290	150	36
476	0	0
476	0	0
476	0	0
476	0	0
476	0	0
66	222	188
476	0	0
476	0	0
476	0	0
138	260	78
476	0	0
476	0	0
476	0	0
476	0	0
68	408	0
476	0	0
476	0	0
374	0	102
476	0	0
476	0	0
290	36	150
476	0	0
60	176	240
192	0	284
476	0	0
476	0	0
476	0	0
192	230	54
476	0	0
2	78	396
476	0	0
152	126	198
408	68	0
476	0	0
476	0	0
188	84	204
138	184	154
476	0	0
476	0	0
194	157	125
476	0	0
476	0	0
476	0	0
340	136	0
476	0	0
374	102	0
156	304	16
476	0	0
442	0	34
476	0	0
476	0	0
476	0	0
476	0	0
476	0	0
476	0	0
476	0	0
476	0	0
476	0	0
476	0	0
182	18	276
0	476	0
442	34	0
476	0	0
264	100	112
442	34	0
442	0	34
164	110	202
306	170	0
14	440	22
420	0	56
91	83	302
476	0	0
60	288	128
280	100	96
476	0	0
408	68	0
112	364	0
476	0	0
265	109	102
476	0	0
48	308	120
384	64	28
476	0	0
476	0	0
476	0	0
144	180	152
476	0	0
156	212	108
476	0	0
20	128	328
476	0	0
182	168	126
476	0	0
476	0	0
224	252	0
44	384	48
102	328	46
140	0	336
476	0	0
368	60	48
476	0	0
476	0	0
238	238	0
102	0	374
166	40	270
476	0	0
224	224	28
476	0	0
476	0	0
98	74	304
476	0	0
374	0	102
196	0	280
394	52	30
476	0	0
476	0	0
476	0	0
476	0	0
476	0	0
476	0	0
448	28	0
209	134	133
476	0	0
52	80	344
476	0	0
154	10	312
192	22	262
476	0	0
2	12	462
476	0	0
212	96	168
408	0	68
238	68	170
476	0	0
0	476	0
476	0	0
476	0	0
272	102	102
408	68	0
106	186	184
476	0	0
340	136	0
476	0	0
130	292	54
476	0	0
476	0	0
476	0	0
336	120	20
476	0	0
476	0	0
476	0	0
476	0	0
100	146	230
60	296	120
220	96	160
476	0	0
476	0	0
476	0	0
476	0	0
390	30	56
476	0	0
476	0	0
476	0	0
476	0	0
102	374	0
476	0	0
476	0	0
220	96	160
164	258	54
448	28	0
442	0	34
476	0	0
476	0	0
408	68	0
476	0	0
476	0	0
476	0	0
476	0	0
476	0	0
340	136	0
118	352	6
146	228	102
476	0	0
476	0	0
476	0	0
138	270	68
78	150	248
476	0	0
476	0	0
476	0	0
476	0	0
476	0	0
476	0	0
476	0	0
476	0	0
246	122	108
476	0	0
476	0	0
0	408	68
272	204	0
476	0	0
476	0	0
34	442	0
204	0	272
476	0	0
336	0	140
108	326	42
476	0	0
476	0	0
476	0	0
476	0	0
476	0	0
476	0	0
442	34	0
476	0	0
476	0	0
42	266	168
100	156	220
442	34	0
294	106	76
68	150	258
476	0	0
476	0	0
476	0	0
476	0	0
476	0	0
476	0	0
476	0	0
476	0	0
34	442	0
68	408	0
340	0	136
476	0	0
476	0	0
476	0	0
476	0	0
476	0	0
476	0	0
188	24	264
476	0	0
476	0	0
476	0	0
340	0	136
459	17	0
476	0	0
476	0	0
154	176	146
176	218	82
320	136	20
476	0	0
442	34	0
60	264	152
476	0	0
206	206	64
120	204	152
288	170	18
476	0	0
476	0	0
268	88	120
476	0	0
180	268	28
476	0	0
124	56	296
348	72	56
442	0	34
476	0	0
476	0	0
476	0	0
476	0	0
476	0	0
476	0	0
476	0	0
476	0	0
476	0	0
196	24	256
476	0	0
366	82	28
418	32	26
476	0	0
224	176	76
442	0	34
476	0	0
408	68	0
202	40	234
202	40	234
260	48	168
476	0	0
476	0	0
442	0	34
476	0	0
408	0	68
128	12	336
210	52	214
374	0	102
476	0	0
476	0	0
476	0	0
130	60	286
476	0	0
476	0	0
442	34	0
272	0	204
238	238	0
476	0	0
476	0	0
442	34	0
10	450	16
448	0	28
476	0	0
216	208	52
476	0	0
391	51	34
204	272	0
86	24	366
476	0	0
24	34	418
68	408	0
28	124	324
166	24	286
290	48	138
340	136	0
294	164	18
476	0	0
476	0	0
476	0	0
442	0	34
148	320	8
476	0	0
476	0	0
340	0	136
476	0	0
476	0	0
408	0	68
476	0	0
476	0	0
476	0	0
476	0	0
476	0	0
196	126	154
182	264	30
442	0	34
476	0	0
476	0	0
476	0	0
64	332	80
476	0	0
476	0	0
476	0	0
204	34	238
238	119	119
50	166	260
476	0	0
192	140	144
476	0	0
138	238	100
476	0	0
476	0	0
182	264	30
272	0	204
476	0	0
112	336	28
224	70	182
342	44	90
362	20	94
208	90	178
476	0	0
476	0	0
68	142	266
421	16	39
271	168	37
476	0	0
242	180	54
320	0	156
476	0	0
18	382	76
442	0	34
476	0	0
238	56	182
306	0	170
476	0	0
442	0	34
476	0	0
476	0	0
272	102	102
142	106	228
134	182	160
476	0	0
476	0	0
88	238	150
476	0	0
476	0	0
476	0	0
476	0	0
476	0	0
476	0	0
172	226	78
226	180	70
476	0	0
196	280	0
476	0	0
476	0	0
476	0	0
222	126	128
24	146	306
476	0	0
476	0	0
476	0	0
476	0	0
408	68	0
263	77	136
476	0	0
476	0	0
476	0	0
476	0	0
476	0	0
340	136	0
476	0	0
272	0	204
476	0	0
476	0	0
340	136	0
476	0	0
476	0	0
476	0	0
476	0	0
476	0	0
136	98	242
476	0	0
476	0	0
476	0	0
306	0	170
476	0	0
340	136	0
476	0	0
164	264	48
314	92	70
204	118	154
476	0	0
30	56	390
102	0	374
476	0	0
476	0	0
40	272	164
183	106	187
212	118	146
476	0	0
476	0	0
476	0	0
12	58	406
476	0	0
476	0	0
476	0	0
259	62	155
476	0	0
476	0	0
308	79	89
308	84	84
476	0	0
476	0	0
408	68	0
476	0	0
390	58	28
476	0	0
476	0	0
238	112	126
238	224	14
124	232	120
476	0	0
392	32	52
476	0	0
476	0	0
352	102	22
476	0	0
448	28	0
442	0	34
408	68	0
476	0	0
476	0	0
476	0	0
476	0	0
476	0	0
291	86	99
476	0	0
371	60	45
190	210	76
476	0	0
368	60	48
476	0	0
476	0	0
442	0	34
442	34	0
476	0	0
476	0	0
476	0	0
476	0	0
476	0	0
476	0	0
476	0	0
476	0	0
476	0	0
476	0	0
476	0	0
476	0	0
476	0	0
476	0	0
476	0	0
476	0	0
476	0	0
476	0	0
476	0	0
476	0	0
476	0	0
448	0	28
476	0	0
382	13	81
476	0	0
136	0	340
476	0	0
476	0	0
476	0	0
476	0	0
108	94	274
476	0	0
476	0	0
476	0	0
160	28	288
476	0	0
476	0	0
476	0	0
476	0	0
476	0	0
216	196	64
476	0	0
4	188	284
476	0	0
476	0	0
476	0	0
476	0	0
476	0	0
476	0	0
476	0	0
374	0	102
476	0	0
476	0	0
190	56	230
442	0	34
476	0	0
476	0	0
476	0	0
476	0	0
80	188	208
476	0	0
408	34	34
408	68	0
288	0	188
476	0	0
476	0	0
476	0	0
272	204	0
476	0	0
476	0	0
476	0	0
442	0	34
476	0	0
476	0	0
36	146	294
170	0	306
476	0	0
272	204	0
476	0	0
476	0	0
204	272	0
476	0	0
0	256	220
476	0	0
476	0	0
476	0	0
476	0	0
476	0	0
238	238	0
476	0	0
476	0	0
476	0	0
476	0	0
476	0	0
232	196	48
476	0	0
476	0	0
476	0	0
476	0	0
476	0	0
476	0	0
476	0	0
16	260	200
476	0	0
476	0	0
476	0	0
192	199	85
476	0	0
476	0	0
476	0	0
374	102	0
374	0	102
476	0	0
34	442	0
442	34	0
476	0	0
476	0	0
476	0	0
476	0	0
94	48	334
340	136	0
24	210	242
476	0	0
122	258	96
442	0	34
87	168	221
170	306	0
206	104	166
476	0	0
238	56	182
476	0	0
172	80	224
476	0	0
280	196	0
476	0	0
476	0	0
238	238	0
476	0	0
476	0	0
374	0	102
476	0	0
476	0	0
476	0	0
476	0	0
26	274	176
476	0	0
442	34	0
476	0	0
476	0	0
448	28	0
476	0	0
476	0	0
476	0	0
76	126	274
476	0	0
318	28	130
364	0	112
392	84	0
476	0	0
476	0	0
476	0	0
476	0	0
0	0	476
476	0	0
476	0	0
476	0	0
442	0	34
388	64	24
476	0	0
476	0	0
476	0	0
476	0	0
34	262	180
476	0	0
28	106	342
476	0	0
476	0	0
476	0	0
252	224	0
476	0	0
476	0	0
374	0	102
476	0	0
476	0	0
476	0	0
476	0	0
476	0	0
476	0	0
476	0	0
476	0	0
476	0	0
312	68	96
116	180	180
476	0	0
476	0	0
22	12	442
476	0	0
408	68	0
476	0	0
476	0	0
72	332	72
476	0	0
170	170	136
74	252	150
196	280	0
340	0	136
476	0	0
476	0	0
408	0	68
476	0	0
238	136	102
476	0	0
102	374	0
102	0	374
476	0	0
200	199	77
476	0	0
476	0	0
476	0	0
82	292	102
48	156	272
340	0	136
374	102	0
120	326	30
476	0	0
476	0	0
476	0	0
102	374	0
476	0	0
476	0	0
476	0	0
476	0	0
70	170	236
306	68	102
476	0	0
476	0	0
476	0	0
476	0	0
476	0	0
476	0	0
250	18	208
476	0	0
476	0	0
476	0	0
476	0	0
476	0	0
476	0	0
0	476	0
476	0	0
476	0	0
476	0	0
476	0	0
476	0	0
442	34	0
476	0	0
476	0	0
476	0	0
208	250	18
476	0	0
476	0	0
476	0	0
476	0	0
286	85	105
248	192	36
476	0	0
442	34	0
476	0	0
448	28	0
476	0	0
476	0	0
306	0	170
476	0	0
476	0	0
476	0	0
476	0	0
476	0	0
476	0	0
476	0	0
476	0	0
476	0	0
134	194	148
476	0	0
34	244	198
476	0	0
476	0	0
476	0	0
476	0	0
476	0	0
476	0	0
476	0	0
476	0	0
476	0	0
476	0	0
298	22	156
476	0	0
136	340	0
476	0	0
476	0	0
476	0	0
102	34	340
476	0	0
64	408	4
34	442	0
0	476	0
0	476	0
0	476	0
476	0	0
168	0	308
204	0	272
476	0	0
476	0	0
408	68	0
476	0	0
476	0	0
476	0	0
28	0	448
246	164	66
476	0	0
476	0	0
102	374	0
476	0	0
56	420	0
420	56	0
298	18	160
182	216	78
476	0	0
392	84	0
476	0	0
100	6	370
138	78	260
447	13	16
476	0	0
204	68	204
140	161	175
128	12	336
476	0	0
476	0	0
258	108	110
34	0	442
476	0	0
192	168	116
168	14	294
408	68	0
340	0	136
476	0	0
108	360	8
476	0	0
476	0	0
476	0	0
340	136	0
476	0	0
476	0	0
68	408	0
476	0	0
476	0	0
476	0	0
56	14	406
110	12	354
476	0	0
476	0	0
476	0	0
154	238	84
476	0	0
392	0	84
476	0	0
476	0	0
476	0	0
476	0	0
476	0	0
476	0	0
476	0	0
238	0	238
476	0	0
476	0	0
476	0	0
476	0	0
476	0	0
476	0	0
476	0	0
476	0	0
136	12	328
476	0	0
182	168	126
476	0	0
476	0	0
476	0	0
130	226	120
252	224	0
476	0	0
476	0	0
476	0	0
476	0	0
476	0	0
476	0	0
476	0	0
476	0	0
476	0	0
476	0	0
266	119	91
476	0	0
416	26	34
192	112	172
476	0	0
148	8	320
476	0	0
476	0	0
476	0	0
476	0	0
70	292	114
442	34	0
442	0	34
476	0	0
476	0	0
476	0	0
476	0	0
476	0	0
476	0	0
476	0	0
476	0	0
476	0	0
476	0	0
476	0	0
476	0	0
250	113	113
476	0	0
476	0	0
52	422	2
476	0	0
476	0	0
476	0	0
476	0	0
476	0	0
476	0	0
448	0	28
476	0	0
476	0	0
476	0	0
476	0	0
34	0	442
476	0	0
476	0	0
476	0	0
476	0	0
476	0	0
476	0	0
476	0	0
476	0	0
12	284	180
476	0	0
476	0	0
476	0	0
476	0	0
476	0	0
476	0	0
476	0	0
476	0	0
476	0	0
476	0	0
476	0	0
476	0	0
476	0	0
182	176	118
476	0	0
476	0	0
442	34	0
476	0	0
476	0	0
476	0	0
476	0	0
476	0	0
462	14	0
476	0	0
476	0	0
476	0	0
324	96	56
288	44	144
476	0	0
374	102	0
476	0	0
425	0	51
476	0	0
72	66	338
174	202	100
476	0	0
170	0	306
220	56	200
116	338	22
476	0	0
96	374	6
476	0	0
476	0	0
476	0	0
476	0	0
476	0	0
238	238	0
196	240	40
368	78	30
394	30	52
4	88	384
394	52	30
232	180	64
476	0	0
250	208	18
206	124	146
28	202	246
408	68	0
226	154	96
476	0	0
476	0	0
476	0	0
476	0	0
476	0	0
476	0	0
476	0	0
392	0	84
392	84	0
476	0	0
476	0	0
476	0	0
476	0	0
476	0	0
476	0	0
476	0	0
476	0	0
476	0	0
476	0	0
476	0	0
476	0	0
476	0	0
476	0	0
476	0	0
252	80	144
476	0	0
476	0	0
476	0	0
476	0	0
476	0	0
388	64	24
476	0	0
476	0	0
476	0	0
476	0	0
476	0	0
476	0	0
476	0	0
476	0	0
476	0	0
476	0	0
476	0	0
476	0	0
476	0	0
476	0	0
476	0	0
336	140	0
306	170	0
238	0	238
26	374	76
476	0	0
276	78	122
24	442	10
476	0	0
33	229	214
476	0	0
110	132	234
476	0	0
374	0	102
4	306	166
476	0	0
476	0	0
476	0	0
476	0	0
476	0	0
476	0	0
459	17	0
78	74	324
160	300	16
476	0	0
162	32	282
476	0	0
476	0	0
442	34	0
272	204	0
476	0	0
283	11	182
476	0	0
476	0	0
442	34	0
118	352	6
418	26	32
56	420	0
476	0	0
476	0	0
476	0	0
476	0	0
442	34	0
476	0	0
476	0	0
122	214	140
476	0	0
476	0	0
116	198	162
476	0	0
476	0	0
476	0	0
476	0	0
262	167	47
328	20	128
476	0	0
194	252	30
476	0	0
476	0	0
170	0	306
340	0	136
476	0	0
476	0	0
476	0	0
170	306	0
328	20	128
476	0	0
476	0	0
476	0	0
476	0	0
64	300	112
476	0	0
62	356	58
170	306	0
170	306	0
476	0	0
476	0	0
98	110	268
238	84	154
0	476	0
476	0	0
476	0	0
476	0	0
476	0	0
224	192	60
476	0	0
476	0	0
476	0	0
476	0	0
320	28	128
0	448	28
476	0	0
74	382	20
476	0	0
476	0	0
476	0	0
476	0	0
476	0	0
476	0	0
340	136	0
476	0	0
476	0	0
476	0	0
150	151	175
328	20	128
328	128	20
476	0	0
476	0	0
476	0	0
476	0	0
476	0	0
22	142	312
476	0	0
476	0	0
476	0	0
476	0	0
476	0	0
216	36	224
476	0	0
156	118	202
290	168	18
476	0	0
374	102	0
476	0	0
476	0	0
374	0	102
116	168	192
476	0	0
20	148	308
476	0	0
476	0	0
386	32	58
476	0	0
476	0	0
340	0	136
442	0	34
476	0	0
476	0	0
476	0	0
476	0	0
476	0	0
476	0	0
476	0	0
476	0	0
476	0	0
212	240	24
390	0	86
476	0	0
406	24	46
476	0	0
476	0	0
90	118	268
160	130	186
476	0	0
476	0	0
289	17	170
266	192	18
476	0	0
476	0	0
476	0	0
228	118	130
24	226	226
228	72	176
476	0	0
476	0	0
66	230	180
476	0	0
476	0	0
476	0	0
182	196	98
236	14	226
476	0	0
476	0	0
476	0	0
42	218	216
476	0	0
476	0	0
476	0	0
476	0	0
476	0	0
442	0	34
476	0	0
208	240	28
170	306	0
476	0	0
70	294	112
306	170	0
323	17	136
476	0	0
476	0	0
476	0	0
18	182	276
476	0	0
340	0	136
476	0	0
476	0	0
476	0	0
476	0	0
476	0	0
476	0	0
476	0	0
196	62	218
72	316	88
50	236	190
476	0	0
476	0	0
476	0	0
340	0	136
476	0	0
476	0	0
476	0	0
476	0	0
476	0	0
476	0	0
476	0	0
340	136	0
476	0	0
22	120	334
340	0	136
476	0	0
442	34	0
50	130	296
448	0	28
476	0	0
476	0	0
68	272	136
476	0	0
476	0	0
476	0	0
442	0	34
298	160	18
476	0	0
306	0	170
476	0	0
476	0	0
476	0	0
476	0	0
476	0	0
476	0	0
28	448	0
476	0	0
476	0	0
60	358	58
306	136	34
326	76	74
476	0	0
170	306	0
214	166	96
442	34	0
168	288	20
448	0	28
204	272	0
358	96	22
476	0	0
476	0	0
476	0	0
476	0	0
476	0	0
476	0	0
476	0	0
118	122	236
476	0	0
476	0	0
476	0	0
164	104	208
476	0	0
476	0	0
476	0	0
476	0	0
476	0	0
140	336	0
64	102	310
476	0	0
272	0	204
476	0	0
476	0	0
420	56	0
476	0	0
476	0	0
476	0	0
476	0	0
476	0	0
476	0	0
476	0	0
476	0	0
476	0	0
202	14	260
476	0	0
476	0	0
476	0	0
476	0	0
476	0	0
476	0	0
476	0	0
50	392	34
476	0	0
476	0	0
170	0	306
204	272	0
476	0	0
170	306	0
476	0	0
476	0	0
310	78	88
476	0	0
476	0	0
308	48	120
476	0	0
476	0	0
20	222	234
476	0	0
408	68	0
476	0	0
263	195	18
476	0	0
476	0	0
476	0	0
208	28	240
250	126	100
162	248	66
152	32	292
96	26	354
72	290	114
476	0	0
476	0	0
476	0	0
476	0	0
476	0	0
160	156	160
476	0	0
476	0	0
476	0	0
476	0	0
476	0	0
476	0	0
476	0	0
260	182	34
476	0	0
476	0	0
476	0	0
34	344	98
476	0	0
476	0	0
0	68	408
476	0	0
253	90	133
112	364	0
476	0	0
476	0	0
476	0	0
72	176	228
476	0	0
476	0	0
374	34	68
476	0	0
28	360	88
476	0	0
476	0	0
120	152	204
476	0	0
140	142	194
476	0	0
476	0	0
476	0	0
476	0	0
476	0	0
476	0	0
408	68	0
148	320	8
476	0	0
36	400	40
476	0	0
476	0	0
476	0	0
476	0	0
476	0	0
476	0	0
476	0	0
226	234	16
308	48	120
476	0	0
476	0	0
160	96	220
476	0	0
476	0	0
208	168	100
476	0	0
476	0	0
250	126	100
126	182	168
476	0	0
80	72	324
476	0	0
476	0	0
476	0	0
476	0	0
476	0	0
476	0	0
476	0	0
418	32	26
476	0	0
476	0	0
284	44	148
476	0	0
272	204	0
476	0	0
198	96	182
448	28	0
476	0	0
476	0	0
476	0	0
476	0	0
82	68	326
120	308	48
62	308	106
152	308	16
238	238	0
476	0	0
442	34	0
420	0	56
16	398	62
476	0	0
476	0	0
476	0	0
476	0	0
476	0	0
154	286	36
476	0	0
476	0	0
476	0	0
476	0	0
448	28	0
476	0	0
476	0	0
170	204	102
476	0	0
64	380	32
476	0	0
476	0	0
476	0	0
476	0	0
476	0	0
290	36	150
202	114	160
476	0	0
68	0	408
408	68	0
476	0	0
476	0	0
476	0	0
476	0	0
292	60	124
476	0	0
476	0	0
299	80	97
476	0	0
343	25	108
442	0	34
340	0	136
476	0	0
476	0	0
476	0	0
476	0	0
476	0	0
476	0	0
52	332	92
42	208	226
408	0	68
399	12	65
272	0	204
442	34	0
476	0	0
476	0	0
476	0	0
110	342	24
476	0	0
476	0	0
72	196	208
476	0	0
62	112	302
476	0	0
476	0	0
288	128	60
364	0	112
476	0	0
54	28	394
476	0	0
476	0	0
100	72	304
416	60	0
408	68	0
170	34	272
0	0	476
476	0	0
476	0	0
476	0	0
272	204	0
102	374	0
476	0	0
476	0	0
220	216	40
408	0	68
476	0	0
386	66	24
68	0	408
102	374	0
306	85	85
476	0	0
476	0	0
476	0	0
340	34	102
476	0	0
476	0	0
476	0	0
476	0	0
306	0	170
28	448	0
290	150	36
476	0	0
408	68	0
108	344	24
476	0	0
170	306	0
476	0	0
476	0	0
108	44	324
374	102	0
448	28	0
476	0	0
340	0	136
388	24	64
476	0	0
476	0	0
476	0	0
442	34	0
476	0	0
476	0	0
476	0	0
476	0	0
476	0	0
288	44	144
268	40	168
476	0	0
476	0	0
476	0	0
476	0	0
476	0	0
88	384	4
476	0	0
476	0	0
476	0	0
476	0	0
476	0	0
476	0	0
476	0	0
476	0	0
476	0	0
204	272	0
476	0	0
72	209	195
42	280	154
442	34	0
476	0	0
476	0	0
204	0	272
92	86	298
476	0	0
476	0	0
476	0	0
476	0	0
30	370	76
476	0	0
476	0	0
476	0	0
476	0	0
476	0	0
146	42	288
476	0	0
340	102	34
476	0	0
190	226	60
476	0	0
148	218	110
476	0	0
476	0	0
298	18	160
476	0	0
130	24	322
234	84	158
476	0	0
476	0	0
476	0	0
476	0	0
476	0	0
476	0	0
476	0	0
272	0	204
476	0	0
476	0	0
476	0	0
190	152	134
476	0	0
476	0	0
476	0	0
476	0	0
392	54	30
476	0	0
306	170	0
476	0	0
476	0	0
476	0	0
442	34	0
166	96	214
476	0	0
476	0	0
238	0	238
476	0	0
476	0	0
476	0	0
198	12	266
476	0	0
476	0	0
476	0	0
476	0	0
476	0	0
476	0	0
476	0	0
238	0	238
476	0	0
476	0	0
476	0	0
28	394	54
106	6	364
476	0	0
476	0	0
476	0	0
476	0	0
266	108	102
476	0	0
476	0	0
476	0	0
476	0	0
476	0	0
476	0	0
216	224	36
476	0	0
476	0	0
476	0	0
88	280	108
476	0	0
56	230	190
476	0	0
128	168	180
476	0	0
476	0	0
476	0	0
476	0	0
476	0	0
476	0	0
476	0	0
476	0	0
476	0	0
476	0	0
476	0	0
476	0	0
476	0	0
120	108	248
238	169	69
336	140	0
476	0	0
152	168	156
476	0	0
476	0	0
476	0	0
476	0	0
448	0	28
476	0	0
110	188	178
476	0	0
476	0	0
476	0	0
340	136	0
116	166	194
476	0	0
96	232	148
476	0	0
476	0	0
476	0	0
476	0	0
476	0	0
476	0	0
476	0	0
476	0	0
476	0	0
442	0	34
476	0	0
290	150	36
204	272	0
442	34	0
476	0	0
204	0	272
476	0	0
476	0	0
476	0	0
476	0	0
476	0	0
364	34	78
476	0	0
476	0	0
476	0	0
476	0	0
476	0	0
476	0	0
476	0	0
476	0	0
224	236	16
476	0	0
476	0	0
476	0	0
476	0	0
476	0	0
476	0	0
476	0	0
476	0	0
476	0	0
168	288	20
224	18	234
476	0	0
476	0	0
476	0	0
476	0	0
476	0	0
476	0	0
476	0	0
476	0	0
476	0	0
476	0	0
442	34	0
280	196	0
476	0	0
374	0	102
476	0	0
476	0	0
476	0	0
476	0	0
476	0	0
476	0	0
68	0	408
476	0	0
476	0	0
476	0	0
340	0	136
476	0	0
476	0	0
251	74	151
209	113	154
476	0	0
476	0	0
84	74	318
110	218	148
476	0	0
476	0	0
476	0	0
476	0	0
476	0	0
476	0	0
476	0	0
476	0	0
24	442	10
346	104	26
30	208	238
26	436	14
266	130	80
476	0	0
476	0	0
476	0	0
116	200	160
476	0	0
222	154	100
126	216	134
476	0	0
476	0	0
476	0	0
52	124	300
476	0	0
442	34	0
476	0	0
476	0	0
70	314	92
476	0	0
476	0	0
476	0	0
476	0	0
170	306	0
146	234	96
476	0	0
476	0	0
476	0	0
476	0	0
286	60	130
0	234	242
476	0	0
476	0	0
208	256	12
240	131	105
442	34	0
476	0	0
86	154	236
408	0	68
308	60	108
476	0	0
442	0	34
476	0	0
476	0	0
476	0	0
92	216	168
476	0	0
476	0	0
476	0	0
476	0	0
476	0	0
476	0	0
476	0	0
476	0	0
476	0	0
476	0	0
476	0	0
476	0	0
476	0	0
476	0	0
476	0	0
476	0	0
476	0	0
220	172	84
420	0	56
102	0	374
476	0	0
68	408	0
238	182	56
476	0	0
94	126	256
476	0	0
476	0	0
476	0	0
476	0	0
270	114	92
476	0	0
476	0	0
476	0	0
304	86	86
476	0	0
2	406	68
442	34	0
476	0	0
50	194	232
48	182	246
132	304	40
476	0	0
476	0	0
476	0	0
60	214	202
476	0	0
476	0	0
476	0	0
476	0	0
476	0	0
476	0	0
476	0	0
102	0	374
476	0	0
119	199	158
374	102	0
160	220	96
476	0	0
442	0	34
374	102	0
142	116	218
476	0	0
448	28	0
308	84	84
476	0	0
68	408	0
476	0	0
476	0	0
476	0	0
340	136	0
102	124	250
476	0	0
204	226	46
104	264	108
204	0	272
162	298	16
30	110	336
476	0	0
292	112	72
476	0	0
476	0	0
476	0	0
476	0	0
36	166	274
476	0	0
476	0	0
176	156	144
476	0	0
476	0	0
342	117	17
337	7	132
476	0	0
476	0	0
476	0	0
54	10	412
34	0	442
476	0	0
476	0	0
476	0	0
34	442	0
476	0	0
476	0	0
476	0	0
476	0	0
476	0	0
476	0	0
476	0	0
476	0	0
476	0	0
476	0	0
80	314	82
74	134	268
476	0	0
102	110	264
442	34	0
476	0	0
26	442	8
476	0	0
476	0	0
4	398	74
476	0	0
476	0	0
476	0	0
476	0	0
476	0	0
476	0	0
38	432	6
476	0	0
476	0	0
12	386	78
34	442	0
186	14	276
476	0	0
476	0	0
476	0	0
476	0	0
442	0	34
476	0	0
384	68	24
476	0	0
340	0	136
476	0	0
224	28	224
476	0	0
392	84	0
340	72	64
145	175	156
14	278	184
476	0	0
476	0	0
476	0	0
476	0	0
50	306	120
364	32	80
476	0	0
476	0	0
476	0	0
0	116	360
240	153	83
408	0	68
252	0	224
476	0	0
476	0	0
476	0	0
476	0	0
476	0	0
211	160	105
476	0	0
476	0	0
476	0	0
476	0	0
240	176	60
264	168	44
476	0	0
92	240	144
425	51	0
420	56	0
476	0	0
364	112	0
112	358	6
476	0	0
476	0	0
476	0	0
476	0	0
66	374	36
476	0	0
476	0	0
476	0	0
476	0	0
170	240	66
476	0	0
476	0	0
26	32	418
476	0	0
476	0	0
150	112	214
392	0	84
0	0	476
432	12	32
476	0	0
3	374	99
168	288	20
476	0	0
88	130	258
476	0	0
364	60	52
476	0	0
476	0	0
476	0	0
476	0	0
476	0	0
476	0	0
476	0	0
476	0	0
476	0	0
476	0	0
476	0	0
476	0	0
476	0	0
476	0	0
204	50	222
476	0	0
442	0	34
476	0	0
442	0	34
476	0	0
476	0	0
124	336	16
418	26	32
476	0	0
134	122	220
476	0	0
476	0	0
374	0	102
476	0	0
442	34	0
136	204	136
229	166	81
476	0	0
388	64	24
160	248	68
476	0	0
442	34	0
442	34	0
476	0	0
476	0	0
476	0	0
476	0	0
238	0	238
476	0	0
226	62	188
82	4	390
476	0	0
476	0	0
476	0	0
44	16	416
476	0	0
425	0	51
476	0	0
476	0	0
476	0	0
130	76	270
476	0	0
184	32	260
476	0	0
442	0	34
476	0	0
30	366	80
476	0	0
374	0	102
442	0	34
184	144	148
476	0	0
476	0	0
476	0	0
476	0	0
476	0	0
476	0	0
476	0	0
476	0	0
476	0	0
476	0	0
476	0	0
476	0	0
476	0	0
476	0	0
448	28	0
476	0	0
476	0	0
197	129	150
476	0	0
476	0	0
104	183	189
476	0	0
102	374	0
476	0	0
476	0	0
476	0	0
476	0	0
476	0	0
246	76	154
476	0	0
134	206	136
70	56	350
476	0	0
476	0	0
82	390	4
144	20	312
82	390	4
20	426	30
476	0	0
476	0	0
476	0	0
156	174	146
476	0	0
476	0	0
476	0	0
476	0	0
476	0	0
64	28	384
476	0	0
238	84	154
476	0	0
476	0	0
30	338	108
476	0	0
306	170	0
476	0	0
66	220	190
476	0	0
476	0	0
476	0	0
476	0	0
476	0	0
476	0	0
340	0	136
476	0	0
476	0	0
476	0	0
476	0	0
476	0	0
476	0	0
476	0	0
476	0	0
476	0	0
408	68	0
408	68	0
476	0	0
476	0	0
476	0	0
476	0	0
476	0	0
476	0	0
476	0	0
476	0	0
476	0	0
202	158	116
476	0	0
264	0	212
328	20	128
476	0	0
144	162	170
476	0	0
476	0	0
476	0	0
170	160	146
238	112	126
476	0	0
328	96	52
274	20	182
476	0	0
476	0	0
476	0	0
102	374	0
374	0	102
476	0	0
476	0	0
476	0	0
135	192	149
52	300	124
64	214	198
276	44	156
476	0	0
476	0	0
476	0	0
476	0	0
476	0	0
320	54	102
476	0	0
476	0	0
70	144	262
476	0	0
90	386	0
476	0	0
476	0	0
302	154	20
476	0	0
476	0	0
476	0	0
24	418	34
238	0	238
476	0	0
476	0	0
476	0	0
476	0	0
476	0	0
476	0	0
476	0	0
52	226	198
476	0	0
476	0	0
476	0	0
476	0	0
476	0	0
476	0	0
476	0	0
476	0	0
156	280	40
210	216	50
204	144	128
476	0	0
476	0	0
66	102	308
476	0	0
476	0	0
476	0	0
476	0	0
476	0	0
476	0	0
476	0	0
128	12	336
408	68	0
90	288	98
364	0	112
280	98	98
448	0	28
84	358	34
476	0	0
242	102	132
476	0	0
476	0	0
128	264	84
476	0	0
384	64	28
98	6	372
18	416	42
476	0	0
476	0	0
298	156	22
476	0	0
476	0	0
336	0	140
476	0	0
476	0	0
442	34	0
476	0	0
476	0	0
476	0	0
476	0	0
476	0	0
476	0	0
476	0	0
6	172	298
40	372	64
360	106	10
476	0	0
250	43	183
459	0	17
476	0	0
476	0	0
476	0	0
476	0	0
66	266	144
476	0	0
476	0	0
476	0	0
298	47	131
154	80	242
204	68	204
348	72	56
408	0	68
306	170	0
476	0	0
104	132	240
476	0	0
476	0	0
476	0	0
476	0	0
476	0	0
476	0	0
476	0	0
476	0	0
170	0	306
476	0	0
476	0	0
476	0	0
476	0	0
306	170	0
104	166	206
110	90	276
220	208	48
240	136	100
476	0	0
476	0	0
476	0	0
476	0	0
476	0	0
476	0	0
48	148	280
476	0	0
476	0	0
476	0	0
476	0	0
476	0	0
476	0	0
476	0	0
327	5	144
476	0	0
224	0	252
476	0	0
476	0	0
164	252	60
476	0	0
476	0	0
218	60	198
476	0	0
476	0	0
374	102	0
476	0	0
448	28	0
476	0	0
20	390	66
476	0	0
476	0	0
476	0	0
476	0	0
476	0	0
476	0	0
476	0	0
476	0	0
476	0	0
476	0	0
476	0	0
476	0	0
476	0	0
408	68	0
476	0	0
476	0	0
476	0	0
134	330	12
476	0	0
476	0	0
476	0	0
476	0	0
80	100	296
296	60	120
476	0	0
374	34	68
442	0	34
476	0	0
476	0	0
476	0	0
408	68	0
238	0	238
306	0	170
160	88	228
374	102	0
328	96	52
476	0	0
476	0	0
476	0	0
238	84	154
164	104	208
476	0	0
476	0	0
476	0	0
476	0	0
476	0	0
476	0	0
92	200	184
242	208	26
476	0	0
476	0	0
476	0	0
476	0	0
476	0	0
476	0	0
476	0	0
476	0	0
476	0	0
170	306	0
476	0	0
476	0	0
476	0	0
476	0	0
38	364	74
476	0	0
476	0	0
82	384	10
442	34	0
374	102	0
476	0	0
476	0	0
60	308	108
374	0	102
340	0	136
476	0	0
476	0	0
476	0	0
148	246	82
476	0	0
476	0	0
286	70	120
476	0	0
476	0	0
374	102	0
476	0	0
476	0	0
298	160	18
442	0	34
476	0	0
476	0	0
408	68	0
476	0	0
476	0	0
476	0	0
476	0	0
476	0	0
136	340	0
476	0	0
476	0	0
476	0	0
476	0	0
476	0	0
408	68	0
476	0	0
476	0	0
286	168	22
476	0	0
298	156	22
476	0	0
252	0	224
224	56	196
476	0	0
102	340	34
408	68	0
476	0	0
92	150	234
68	8	400
52	28	396
476	0	0
476	0	0
476	0	0
476	0	0
476	0	0
112	56	308
442	34	0
146	152	178
476	0	0
84	386	6
476	0	0
442	0	34
476	0	0
476	0	0
476	0	0
476	0	0
476	0	0
416	60	0
476	0	0
476	0	0
476	0	0
476	0	0
476	0	0
476	0	0
476	0	0
476	0	0
206	86	184
94	330	52
476	0	0
228	176	72
476	0	0
172	256	48
154	146	176
476	0	0
240	52	184
476	0	0
74	340	62
476	0	0
374	34	68
476	0	0
476	0	0
476	0	0
112	262	102
136	340	0
476	0	0
34	214	228
476	0	0
208	256	12
442	0	34
476	0	0
476	0	0
204	272	0
34	0	442
32	444	0
476	0	0
476	0	0
476	0	0
476	0	0
476	0	0
374	102	0
476	0	0
110	114	252
476	0	0
204	32	240
160	112	204
476	0	0
374	102	0
408	0	68
204	204	68
476	0	0
476	0	0
476	0	0
214	64	198
394	52	30
68	272	136
476	0	0
476	0	0
476	0	0
476	0	0
476	0	0
476	0	0
476	0	0
48	22	406
476	0	0
56	134	286
476	0	0
352	22	102
476	0	0
408	0	68
476	0	0
238	224	14
16	336	124
204	0	272
476	0	0
476	0	0
476	0	0
476	0	0
476	0	0
476	0	0
476	0	0
374	0	102
408	68	0
476	0	0
40	416	20
476	0	0
78	188	210
476	0	0
476	0	0
104	142	230
112	108	256
476	0	0
476	0	0
108	360	8
476	0	0
476	0	0
476	0	0
174	174	128
476	0	0
476	0	0
476	0	0
476	0	0
476	0	0
476	0	0
204	238	34
184	64	228
476	0	0
476	0	0
476	0	0
476	0	0
476	0	0
476	0	0
476	0	0
476	0	0
408	68	0
178	110	188
214	84	178
94	166	216
476	0	0
44	268	164
476	0	0
476	0	0
476	0	0
476	0	0
476	0	0
154	194	128
476	0	0
476	0	0
476	0	0
476	0	0
8	20	448
476	0	0
48	278	150
14	10	452
364	112	0
280	98	98
476	0	0
476	0	0
476	0	0
476	0	0
476	0	0
408	68	0
290	136	50
132	173	171
34	442	0
34	442	0
442	0	34
476	0	0
476	0	0
102	68	306
476	0	0
476	0	0
476	0	0
476	0	0
476	0	0
476	0	0
476	0	0
476	0	0
112	120	244
226	234	16
448	28	0
476	0	0
82	130	264
476	0	0
476	0	0
476	0	0
408	68	0
476	0	0
476	0	0
459	17	0
176	110	190
476	0	0
476	0	0
274	20	182
476	0	0
124	189	163
296	56	124
320	28	128
476	0	0
476	0	0
238	56	182
152	226	98
386	45	45
476	0	0
58	112	306
306	0	170
476	0	0
476	0	0
120	340	16
476	0	0
180	176	120
168	0	308
476	0	0
476	0	0
348	72	56
476	0	0
476	0	0
20	456	0
476	0	0
476	0	0
476	0	0
358	96	22
476	0	0
340	0	136
340	0	136
476	0	0
82	4	390
260	210	6
476	0	0
476	0	0
476	0	0
272	204	0
476	0	0
346	104	26
476	0	0
272	170	34
148	320	8
476	0	0
476	0	0
476	0	0
476	0	0
78	338	60
36	374	66
204	272	0
476	0	0
476	0	0
476	0	0
476	0	0
476	0	0
476	0	0
476	0	0
34	410	32
476	0	0
476	0	0
476	0	0
476	0	0
476	0	0
