#topo1 (bicolor,((card,sierranlew),northernlew));
#topo2 (bicolor,((card,northernlew),sierranlew));
#topo3 (bicolor,(card,(sierranlew,northernlew)));
topo1	topo2	topo3
992	60	868
120	776	1024
288	832	800
480	0	1440
1743	42	135
256	672	992
0	0	1920
0	0	1920
0	0	1920
0	0	1920
0	0	1920
480	0	1440
480	1440	0
1440	0	480
1350	540	30
0	0	1920
0	0	1920
0	0	1920
0	0	1920
0	0	1920
0	0	1920
0	0	1920
1740	0	180
1920	0	0
0	0	1920
0	0	1920
0	0	1920
1260	0	660
0	1920	0
16	20	1884
1632	0	288
0	0	1920
0	0	1920
1920	0	0
0	0	1920
1248	288	384
0	0	1920
1560	0	360
0	896	1024
0	0	1920
0	1920	0
0	0	1920
0	0	1920
0	0	1920
0	0	1920
0	0	1920
0	1920	0
0	0	1920
512	0	1408
1860	0	60
0	1408	512
0	0	1920
160	960	800
0	0	1920
0	0	1920
1061	763	96
0	0	1920
0	0	1920
0	1920	0
0	0	1920
0	0	1920
0	960	960
0	1920	0
42	9	1869
1920	0	0
0	1664	256
0	0	1920
0	0	1920
96	1824	0
1152	0	768
1056	0	864
1152	768	0
0	1024	896
1920	0	0
974	585	361
0	0	1920
0	0	1920
0	0	1920
400	600	920
1920	0	0
507	333	1080
0	0	1920
0	0	1920
0	0	1920
0	0	1920
0	0	1920
664	848	408
0	0	1920
0	1920	0
0	0	1920
96	1413	411
0	0	1920
0	0	1920
0	0	1920
0	0	1920
0	1620	300
0	0	1920
0	0	1920
0	1920	0
0	0	1920
0	0	1920
0	0	1920
0	0	1920
0	1408	512
0	576	1344
90	120	1710
0	0	1920
0	1408	512
0	0	1920
0	0	1920
1920	0	0
0	0	1920
0	960	960
0	0	1920
0	0	1920
0	1920	0
0	0	1920
0	0	1920
0	1920	0
0	0	1920
0	0	1920
0	0	1920
1920	0	0
0	0	1920
1920	0	0
0	0	1920
0	0	1920
0	0	1920
0	0	1920
0	0	1920
0	0	1920
1260	660	0
1920	0	0
270	345	1305
1260	660	0
0	0	1920
1140	0	780
30	930	960
1920	0	0
0	0	1920
0	0	1920
672	1248	0
0	0	1920
0	0	1920
0	0	1920
0	0	1920
1920	0	0
0	0	1920
0	0	1920
0	0	1920
0	0	1920
0	0	1920
0	0	1920
0	0	1920
0	0	1920
0	0	1920
0	0	1920
0	0	1920
0	0	1920
0	0	1920
2	114	1804
0	1920	0
384	672	864
1020	120	780
0	0	1920
0	0	1920
1920	0	0
0	0	1920
0	0	1920
0	0	1920
0	0	1920
0	0	1920
0	0	1920
1500	420	0
1920	0	0
0	0	1920
128	1344	448
0	0	1920
0	0	1920
1920	0	0
1920	0	0
0	0	1920
0	0	1920
1560	360	0
0	0	1920
1408	0	512
528	192	1200
760	900	260
416	1504	0
128	1728	64
1920	0	0
992	928	0
0	0	1920
0	0	1920
293	395	1232
0	0	1920
0	1860	60
523	491	906
1050	30	840
345	75	1500
0	0	1920
1920	0	0
0	0	1920
0	0	1920
0	0	1920
0	0	1920
0	0	1920
0	0	1920
0	0	1920
0	0	1920
0	0	1920
0	0	1920
0	0	1920
0	0	1920
0	0	1920
0	0	1920
0	0	1920
0	0	1920
0	0	1920
0	0	1920
0	0	1920
0	0	1920
0	0	1920
0	0	1920
0	0	1920
0	0	1920
82	1308	530
0	0	1920
495	30	1395
0	0	1920
689	545	686
172	768	980
0	0	1920
0	0	1920
0	0	1920
0	0	1920
0	0	1920
0	0	1920
0	0	1920
0	0	1920
256	0	1664
0	0	1920
0	1920	0
1920	0	0
0	0	1920
0	0	1920
1920	0	0
0	0	1920
1920	0	0
1920	0	0
1860	0	60
0	1920	0
0	0	1920
1440	0	480
0	1920	0
784	0	1136
0	1920	0
0	0	1920
0	0	1920
0	0	1920
0	0	1920
112	308	1500
512	896	512
495	810	615
0	0	1920
225	1275	420
0	0	1920
360	1200	360
210	750	960
0	0	1920
0	0	1920
0	0	1920
0	0	1920
0	0	1920
0	0	1920
0	1920	0
0	1728	192
1920	0	0
0	0	1920
0	0	1920
0	1920	0
0	1920	0
0	0	1920
0	0	1920
0	0	1920
0	0	1920
0	0	1920
0	1920	0
0	0	1920
960	0	960
0	0	1920
660	1260	0
0	0	1920
0	0	1920
1920	0	0
0	0	1920
1920	0	0
1920	0	0
1920	0	0
0	1440	480
0	0	1920
0	0	1920
128	0	1792
0	0	1920
0	1920	0
1408	512	0
0	420	1500
1440	0	480
300	60	1560
216	324	1380
0	0	1920
0	1920	0
16	1552	352
0	0	1920
0	0	1920
896	0	1024
1536	0	384
0	0	1920
0	0	1920
1920	0	0
0	1920	0
0	0	1920
660	1260	0
1440	0	480
1500	420	0
1920	0	0
1920	0	0
1920	0	0
0	0	1920
0	0	1920
1920	0	0
0	0	1920
0	0	1920
1920	0	0
0	0	1920
1920	0	0
0	0	1920
0	0	1920
0	0	1920
896	1024	0
0	0	1920
0	0	1920
0	0	1920
0	0	1920
0	0	1920
0	0	1920
0	1920	0
0	0	1920
0	0	1920
0	0	1920
0	0	1920
0	0	1920
0	0	1920
0	0	1920
0	1920	0
0	480	1440
0	0	1920
0	0	1920
1830	90	0
0	1920	0
0	0	1920
1320	0	600
0	1920	0
0	1920	0
0	1920	0
0	0	1920
1024	0	896
765	0	1155
0	0	1920
0	1920	0
0	0	1920
1920	0	0
1152	0	768
20	132	1768
480	1440	0
0	480	1440
0	0	1920
60	1860	0
1920	0	0
0	1920	0
1920	0	0
1920	0	0
224	1504	192
0	0	1920
0	0	1920
0	0	1920
1920	0	0
1664	0	256
0	0	1920
72	120	1728
0	0	1920
0	1536	384
0	0	1920
0	0	1920
0	0	1920
1920	0	0
0	0	1920
567	515	838
0	1920	0
0	0	1920
60	0	1860
0	0	1920
0	0	1920
1920	0	0
0	0	1920
0	0	1920
1020	504	396
0	0	1920
1740	0	180
0	0	1920
0	0	1920
0	0	1920
0	0	1920
0	0	1920
0	0	1920
0	0	1920
0	0	1920
0	0	1920
0	0	1920
0	0	1920
0	0	1920
1920	0	0
380	496	1044
1920	0	0
0	0	1920
1920	0	0
0	0	1920
0	0	1920
0	0	1920
0	0	1920
0	0	1920
0	0	1920
0	1920	0
0	0	1920
0	0	1920
0	324	1596
0	0	1920
0	1920	0
0	0	1920
0	0	1920
0	1920	0
0	0	1920
0	1920	0
0	450	1470
0	0	1920
0	0	1920
0	0	1920
60	0	1860
0	0	1920
0	0	1920
0	1920	0
0	0	1920
0	0	1920
0	0	1920
0	128	1792
0	0	1920
0	0	1920
0	0	1920
0	0	1920
1440	0	480
0	780	1140
0	0	1920
1560	0	360
0	0	1920
0	0	1920
0	0	1920
0	0	1920
0	0	1920
0	0	1920
0	1920	0
0	0	1920
0	0	1920
0	0	1920
192	480	1248
0	0	1920
0	0	1920
0	0	1920
0	0	1920
0	0	1920
0	0	1920
0	0	1920
0	0	1920
0	1920	0
0	480	1440
0	0	1920
0	1920	0
0	0	1920
0	0	1920
0	0	1920
0	0	1920
0	0	1920
0	0	1920
1408	512	0
0	0	1920
0	0	1920
0	0	1920
0	0	1920
0	0	1920
0	0	1920
0	0	1920
564	573	783
0	0	1920
0	0	1920
0	0	1920
1920	0	0
0	0	1920
0	0	1920
0	0	1920
0	0	1920
0	0	1920
0	1920	0
0	0	1920
1920	0	0
0	0	1920
1492	172	256
0	0	1920
0	0	1920
0	0	1920
0	0	1920
0	0	1920
0	1920	0
1920	0	0
0	0	1920
0	1920	0
0	0	1920
0	0	1920
0	1920	0
0	0	1920
0	0	1920
0	0	1920
0	0	1920
0	0	1920
0	0	1920
480	0	1440
1920	0	0
0	1920	0
0	1740	180
0	1920	0
0	1920	0
0	1920	0
0	0	1920
677	582	661
235	1173	512
0	1920	0
1920	0	0
0	0	1920
0	0	1920
0	0	1920
0	0	1920
0	0	1920
0	0	1920
0	0	1920
0	0	1920
180	1740	0
0	1920	0
232	1664	24
0	0	1920
0	960	960
0	0	1920
728	1128	64
1920	0	0
0	0	1920
0	0	1920
1920	0	0
1920	0	0
0	0	1920
1920	0	0
0	0	1920
0	0	1920
0	0	1920
0	0	1920
0	0	1920
1800	0	120
0	0	1920
0	0	1920
0	0	1920
0	0	1920
0	0	1920
0	0	1920
0	0	1920
0	0	1920
0	0	1920
0	0	1920
0	0	1920
0	1920	0
0	0	1920
0	1920	0
0	0	1920
0	0	1920
1920	0	0
0	0	1920
0	0	1920
80	24	1816
0	0	1920
0	0	1920
0	1920	0
0	1440	480
1920	0	0
0	0	1920
0	0	1920
0	0	1920
0	0	1920
0	0	1920
0	0	1920
0	0	1920
0	0	1920
0	0	1920
900	0	1020
1200	0	720
420	1500	0
0	0	1920
0	0	1920
0	0	1920
60	0	1860
0	0	1920
0	1440	480
0	0	1920
1440	0	480
0	0	1920
1920	0	0
1920	0	0
1680	0	240
1920	0	0
1920	0	0
1920	0	0
0	0	1920
0	1920	0
0	0	1920
480	0	1440
0	0	1920
0	896	1024
0	1920	0
0	0	1920
0	0	1920
0	0	1920
0	0	1920
0	0	1920
0	0	1920
1920	0	0
0	0	1920
0	1920	0
1920	0	0
0	0	1920
0	0	1920
0	0	1920
0	0	1920
1920	0	0
1920	0	0
1152	0	768
1024	0	896
0	1920	0
1920	0	0
48	660	1212
1152	0	768
0	0	1920
1920	0	0
1920	0	0
0	1920	0
1920	0	0
756	0	1164
0	1920	0
1536	0	384
1920	0	0
1536	0	384
1536	0	384
1664	0	256
676	988	256
1664	128	128
1666	138	116
1920	0	0
120	0	1800
1920	0	0
1920	0	0
0	0	1920
0	1664	256
0	0	1920
0	0	1920
0	0	1920
0	256	1664
0	840	1080
320	0	1600
0	0	1920
960	0	960
480	0	1440
0	0	1920
1275	60	585
0	0	1920
1920	0	0
1664	0	256
0	1920	0
0	1920	0
0	0	1920
0	1920	0
252	576	1092
0	0	1920
0	0	1920
0	0	1920
0	0	1920
0	0	1920
0	0	1920
0	0	1920
0	0	1920
1920	0	0
473	708	739
556	1182	182
769	423	728
0	1920	0
0	1440	480
0	480	1440
1408	512	0
0	0	1920
1508	232	180
0	0	1920
780	1140	0
0	960	960
0	1920	0
0	0	1920
0	0	1920
0	0	1920
0	0	1920
0	1920	0
0	1920	0
0	0	1920
0	1920	0
0	0	1920
1920	0	0
0	0	1920
0	0	1920
0	0	1920
0	0	1920
0	0	1920
1440	0	480
255	752	913
0	480	1440
0	0	1920
1440	0	480
512	1024	384
12	1032	876
0	0	1920
0	0	1920
0	0	1920
0	45	1875
0	0	1920
80	264	1576
32	1792	96
1440	0	480
576	0	1344
0	0	1920
1317	576	27
313	264	1343
960	960	0
5	215	1700
1792	0	128
540	0	1380
384	1536	0
480	0	1440
0	60	1860
124	440	1356
1012	812	96
1088	832	0
480	1440	0
0	0	1920
896	0	1024
0	0	1920
644	192	1084
1012	432	476
474	582	864
0	0	1920
564	734	622
877	209	834
720	834	366
0	1920	0
1710	210	0
1664	256	0
1920	0	0
1626	186	108
0	128	1792
840	1024	56
1116	36	768
1427	197	296
1197	587	136
672	60	1188
0	0	1920
0	0	1920
0	0	1920
0	0	1920
0	1920	0
0	0	1920
192	1440	288
0	1920	0
1200	0	720
0	0	1920
0	0	1920
0	0	1920
288	1632	0
0	0	1920
0	0	1920
1920	0	0
0	0	1920
0	0	1920
1440	0	480
0	0	1920
0	0	1920
0	0	1920
960	960	0
0	1400	520
0	1440	480
0	1920	0
450	411	1059
0	0	1920
0	0	1920
0	0	1920
0	256	1664
0	0	1920
0	0	1920
699	144	1077
0	0	1920
165	0	1755
0	1920	0
0	0	1920
840	1020	60
0	0	1920
0	1024	896
1920	0	0
0	0	1920
0	0	1920
0	480	1440
1920	0	0
1440	0	480
1920	0	0
660	300	960
0	0	1920
0	0	1920
0	0	1920
0	0	1920
1920	0	0
0	0	1920
0	0	1920
0	0	1920
0	1920	0
0	0	1920
0	0	1920
0	1920	0
1920	0	0
1170	636	114
640	0	1280
0	0	1920
288	1440	192
0	0	1920
180	1740	0
0	0	1920
0	0	1920
0	1920	0
0	1920	0
0	0	1920
1920	0	0
0	0	1920
1920	0	0
0	0	1920
0	0	1920
0	0	1920
0	0	1920
480	1440	0
0	0	1920
0	0	1920
1860	60	0
960	0	960
992	32	896
1920	0	0
48	1548	324
0	0	1920
180	0	1740
360	0	1560
0	0	1920
1920	0	0
0	0	1920
1920	0	0
1440	480	0
1442	299	179
0	0	1920
0	1920	0
0	1920	0
0	0	1920
0	480	1440
270	105	1545
768	768	384
840	908	172
0	1920	0
0	1792	128
1440	0	480
0	0	1920
0	0	1920
0	0	1920
0	1920	0
1920	0	0
0	0	1920
552	636	732
0	0	1920
0	1536	384
228	912	780
0	0	1920
0	0	1920
0	0	1920
0	0	1920
0	1920	0
1920	0	0
0	0	1920
995	372	553
0	0	1920
135	1155	630
0	0	1920
0	0	1920
0	0	1920
1440	0	480
1920	0	0
0	0	1920
240	960	720
0	0	1920
675	270	975
0	0	1920
0	0	1920
0	0	1920
0	0	1920
0	0	1920
0	0	1920
1860	60	0
0	0	1920
0	1920	0
891	648	381
88	1568	264
0	0	1920
1405	51	464
0	1920	0
1728	192	0
0	0	1920
1024	0	896
4	1916	0
0	0	1920
0	0	1920
0	1664	256
0	0	1920
1920	0	0
0	0	1920
0	0	1920
0	0	1920
0	1860	60
0	0	1920
0	0	1920
0	0	1920
0	1920	0
0	0	1920
0	0	1920
0	0	1920
0	1020	900
480	0	1440
0	0	1920
0	1920	0
0	0	1920
0	1920	0
0	1920	0
1156	492	272
0	0	1920
0	0	1920
0	0	1920
0	0	1920
0	840	1080
960	960	0
768	764	388
0	0	1920
1860	0	60
0	0	1920
0	1440	480
1920	0	0
538	715	667
1494	309	117
0	0	1920
0	0	1920
0	1920	0
1920	0	0
1920	0	0
0	0	1920
0	0	1920
0	0	1920
0	0	1920
0	0	1920
0	0	1920
0	0	1920
0	0	1920
0	0	1920
0	0	1920
540	135	1245
1440	0	480
0	0	1920
0	0	1920
0	0	1920
0	0	1920
1630	148	142
0	0	1920
0	0	1920
0	0	1920
0	0	1920
1920	0	0
0	0	1920
0	0	1920
0	1920	0
0	0	1920
1920	0	0
0	0	1920
120	0	1800
0	1920	0
928	288	704
0	0	1920
1920	0	0
1920	0	0
0	0	1920
0	0	1920
0	0	1920
300	1620	0
0	0	1920
0	0	1920
0	0	1920
1920	0	0
0	0	1920
192	1536	192
0	1440	480
0	1680	240
0	0	1920
0	0	1920
1391	293	236
1680	112	128
120	224	1576
609	508	803
388	20	1512
1736	0	184
1920	0	0
1920	0	0
128	0	1792
128	0	1792
128	0	1792
0	60	1860
1920	0	0
128	0	1792
1920	0	0
0	0	1920
128	0	1792
1920	0	0
116	4	1800
1920	0	0
1920	0	0
1920	0	0
1920	0	0
384	352	1184
0	0	1920
0	0	1920
1920	0	0
0	0	1920
336	560	1024
0	0	1920
0	0	1920
0	0	1920
0	0	1920
1920	0	0
0	0	1920
1440	330	150
1920	0	0
1920	0	0
400	1504	16
1920	0	0
1920	0	0
0	1920	0
480	600	840
1920	0	0
120	1350	450
1920	0	0
253	54	1613
0	1800	120
1920	0	0
0	0	1920
0	300	1620
0	1440	480
128	1664	128
1620	75	225
0	0	1920
0	0	1920
0	0	1920
0	0	1920
0	1920	0
1680	240	0
1920	0	0
120	1528	272
1920	0	0
0	1920	0
512	1408	0
0	0	1920
1440	0	480
0	0	1920
0	0	1920
128	1312	480
960	0	960
0	60	1860
0	0	1920
1920	0	0
128	1792	0
0	0	1920
704	1152	64
0	0	1920
0	1920	0
1440	0	480
660	0	1260
0	0	1920
480	1440	0
0	1920	0
1440	352	128
0	0	1920
945	810	165
0	0	1920
0	1260	660
0	0	1920
0	630	1290
0	0	1920
0	480	1440
0	0	1920
0	0	1920
960	960	0
1920	0	0
1344	32	544
0	0	1920
0	0	1920
248	1672	0
1920	0	0
0	0	1920
75	630	1215
1920	0	0
1792	0	128
1620	0	300
560	500	860
0	1440	480
0	0	1920
0	0	1920
886	470	564
1650	78	192
784	1136	0
1920	0	0
768	0	1152
0	1920	0
1437	113	370
0	0	1920
0	0	1920
1760	64	96
32	1888	0
0	0	1920
384	1280	256
0	512	1408
1920	0	0
1920	0	0
0	0	1920
0	1920	0
24	608	1288
1680	32	208
0	60	1860
78	576	1266
42	1843	35
734	470	716
1920	0	0
0	1920	0
480	0	1440
1920	0	0
0	1920	0
0	0	1920
0	0	1920
0	0	1920
0	0	1920
105	405	1410
0	0	1920
0	0	1920
192	1152	576
0	0	1920
495	1419	6
480	1440	0
0	1920	0
0	0	1920
0	1920	0
0	0	1920
0	0	1920
0	1920	0
1760	64	96
0	512	1408
0	0	1920
0	1920	0
1536	0	384
0	480	1440
0	0	1920
480	0	1440
540	1380	0
0	0	1920
1440	0	480
0	0	1920
0	0	1920
0	1440	480
32	101	1787
324	1184	412
1920	0	0
1920	0	0
1082	610	228
28	1020	872
1920	0	0
1920	0	0
1792	0	128
1920	0	0
1674	74	172
1624	296	0
1860	0	60
0	1920	0
1152	192	576
228	156	1536
1920	0	0
0	0	1920
1920	0	0
1920	0	0
1216	704	0
369	344	1207
1920	0	0
224	1696	0
0	0	1920
192	864	864
396	1236	288
1860	0	60
896	1024	0
744	60	1116
0	1920	0
0	0	1920
1920	0	0
0	0	1920
1920	0	0
0	0	1920
0	0	1920
1920	0	0
0	0	1920
0	128	1792
120	1350	450
0	780	1140
930	0	990
1920	0	0
1170	270	480
1353	183	384
0	0	1920
0	0	1920
0	1920	0
0	0	1920
0	0	1920
1440	0	480
1440	0	480
768	0	1152
768	0	1152
0	0	1920
0	480	1440
1173	327	420
200	640	1080
120	0	1800
360	0	1560
0	0	1920
0	0	1920
840	120	960
0	0	1920
0	480	1440
140	0	1780
1140	0	780
1920	0	0
0	0	1920
489	651	780
1920	0	0
1920	0	0
840	0	1080
1920	0	0
0	0	1920
1920	0	0
0	0	1920
1920	0	0
768	576	576
0	0	1920
0	0	1920
0	1920	0
0	1920	0
1920	0	0
1440	480	0
0	0	1920
0	0	1920
0	0	1920
0	105	1815
0	0	1920
0	0	1920
0	0	1920
0	0	1920
0	0	1920
0	0	1920
0	0	1920
0	1920	0
0	0	1920
0	0	1920
0	1680	240
342	250	1328
0	315	1605
0	0	1920
0	0	1920
480	576	864
1920	0	0
1920	0	0
0	1920	0
930	0	990
0	0	1920
0	1920	0
0	0	1920
0	0	1920
1440	0	480
0	240	1680
1920	0	0
1920	0	0
1920	0	0
0	0	1920
0	0	1920
1920	0	0
0	1920	0
1440	0	480
1920	0	0
0	1920	0
1920	0	0
1920	0	0
598	276	1046
120	1596	204
48	783	1089
0	0	1920
0	0	1920
0	0	1920
1920	0	0
0	0	1920
660	1260	0
0	0	1920
0	0	1920
0	0	1920
0	0	1920
1920	0	0
1920	0	0
0	1800	120
1248	448	224
260	1660	0
0	0	1920
525	0	1395
0	0	1920
1920	0	0
1324	132	464
1920	0	0
0	0	1920
1920	0	0
160	960	800
128	0	1792
0	0	1920
259	569	1092
0	0	1920
0	1920	0
0	600	1320
0	0	1920
0	1920	0
0	480	1440
1920	0	0
0	0	1920
0	0	1920
1792	0	128
0	0	1920
0	0	1920
0	0	1920
0	0	1920
0	1920	0
0	0	1920
0	1920	0
768	1152	0
0	1920	0
161	1024	735
448	0	1472
0	840	1080
1160	464	296
1740	0	180
0	1440	480
162	87	1671
1920	0	0
128	0	1792
0	256	1664
60	0	1860
480	90	1350
0	0	1920
0	1920	0
60	1860	0
1920	0	0
0	1920	0
0	0	1920
0	0	1920
1920	0	0
0	0	1920
1920	0	0
0	640	1280
0	0	1920
1920	0	0
96	0	1824
1440	11	469
0	1920	0
1920	0	0
0	60	1860
0	0	1920
825	15	1080
1920	0	0
1920	0	0
0	1920	0
788	956	176
256	0	1664
1920	0	0
0	1920	0
1305	29	586
0	896	1024
270	135	1515
480	720	720
60	1860	0
0	0	1920
624	64	1232
1024	0	896
0	0	1920
0	0	1920
60	0	1860
0	0	1920
1440	0	480
480	1330	110
0	1920	0
0	1440	480
0	0	1920
0	0	1920
0	0	1920
25	11	1884
1920	0	0
540	455	925
384	1280	256
0	0	1920
0	165	1755
1408	256	256
88	1188	644
36	52	1832
0	0	1920
1920	0	0
0	0	1920
128	0	1792
0	0	1920
0	0	1920
0	1920	0
0	1920	0
0	0	1920
0	0	1920
0	40	1880
1920	0	0
1440	0	480
512	0	1408
0	0	1920
1920	0	0
0	0	1920
0	0	1920
0	0	1920
0	0	1920
0	1920	0
0	0	1920
0	0	1920
0	0	1920
1184	224	512
0	0	1920
340	20	1560
1920	0	0
0	0	1920
0	0	1920
0	1920	0
0	1920	0
1305	135	480
0	0	1920
576	320	1024
0	0	1920
540	0	1380
1860	0	60
60	0	1860
340	300	1280
60	0	1860
60	1680	180
0	0	1920
0	1440	480
0	0	1920
0	0	1920
0	0	1920
0	60	1860
0	0	1920
0	1920	0
1440	480	0
0	0	1920
0	1920	0
0	1920	0
1656	24	240
640	960	320
8	0	1912
0	0	1920
0	0	1920
0	0	1920
1920	0	0
0	0	1920
0	0	1920
300	0	1620
1376	372	172
0	0	1920
0	0	1920
0	0	1920
0	0	1920
192	0	1728
1920	0	0
0	1920	0
0	0	1920
552	756	612
1800	120	0
1920	0	0
180	1740	0
1560	0	360
0	0	1920
1920	0	0
0	0	1920
0	0	1920
1920	0	0
0	0	1920
0	0	1920
0	1152	768
1440	0	480
1920	0	0
0	0	1920
0	0	1920
240	0	1680
0	1920	0
0	0	1920
0	1808	112
0	0	1920
0	0	1920
1536	0	384
0	0	1920
0	0	1920
1920	0	0
1920	0	0
0	0	1920
1920	0	0
60	660	1200
1920	0	0
0	0	1920
0	1920	0
0	1920	0
48	1872	0
1536	384	0
0	0	1920
48	38	1834
0	0	1920
45	135	1740
0	480	1440
0	0	1920
0	240	1680
0	0	1920
0	960	960
1440	0	480
0	0	1920
180	600	1140
0	0	1920
960	704	256
600	140	1180
570	810	540
0	0	1920
1920	0	0
0	1920	0
0	0	1920
1888	0	32
0	0	1920
0	0	1920
150	1059	711
0	960	960
0	0	1920
0	480	1440
1395	0	525
256	1248	416
0	0	1920
0	0	1920
0	0	1920
0	0	1920
0	0	1920
0	0	1920
620	1000	300
0	1920	0
1016	900	4
0	0	1920
0	240	1680
0	0	1920
0	1536	384
192	768	960
1920	0	0
0	0	1920
0	1920	0
0	0	1920
0	0	1920
0	740	1180
1920	0	0
0	0	1920
0	0	1920
1920	0	0
383	465	1072
620	1280	20
0	1920	0
1792	0	128
0	0	1920
1792	0	128
1440	60	420
1920	0	0
1188	220	512
0	0	1920
0	0	1920
0	0	1920
0	1920	0
45	0	1875
0	1920	0
1580	228	112
465	210	1245
0	0	1920
0	0	1920
0	1920	0
0	1920	0
320	1600	0
1920	0	0
990	288	642
0	1920	0
0	1920	0
1920	0	0
1680	0	240
0	1920	0
0	1920	0
224	1216	480
1875	45	0
0	0	1920
0	45	1875
0	0	1920
0	0	1920
480	288	1152
480	0	1440
128	64	1728
48	1424	448
210	0	1710
0	0	1920
128	1792	0
128	0	1792
1920	0	0
1440	480	0
640	0	1280
1920	0	0
440	1280	200
1920	0	0
1740	0	180
0	0	1920
0	0	1920
0	0	1920
0	0	1920
0	0	1920
0	0	1920
0	1920	0
0	0	1920
0	1920	0
0	0	1920
0	0	1920
1920	0	0
0	0	1920
0	0	1920
0	124	1796
0	0	1920
0	1620	300
12	1896	12
0	0	1920
1920	0	0
15	510	1395
1920	0	0
60	1860	0
1664	0	256
0	0	1920
1920	0	0
0	0	1920
586	313	1021
0	0	1920
840	1080	0
1920	0	0
0	1920	0
1176	84	660
0	0	1920
0	1920	0
1920	0	0
0	0	1920
0	0	1920
0	1920	0
0	1920	0
0	124	1796
0	0	1920
0	1920	0
1344	512	64
0	1860	60
0	0	1920
1860	0	60
0	0	1920
0	1920	0
0	1920	0
0	960	960
0	1920	0
0	1920	0
0	0	1920
1920	0	0
0	0	1920
21	13	1886
1792	0	128
0	0	1920
0	0	1920
0	1920	0
1920	0	0
0	0	1920
1830	90	0
0	1920	0
0	1920	0
1920	0	0
0	0	1920
0	0	1920
780	0	1140
0	0	1920
0	0	1920
0	0	1920
0	0	1920
0	0	1920
60	0	1860
156	1508	256
0	0	1920
0	0	1920
0	1920	0
0	0	1920
1860	0	60
1920	0	0
512	1408	0
0	1860	60
1920	0	0
0	0	1920
0	0	1920
120	0	1800
1395	45	480
0	1860	60
0	0	1920
480	0	1440
0	0	1920
1035	405	480
0	0	1920
0	0	1920
0	0	1920
0	1920	0
0	0	1920
1920	0	0
1920	0	0
0	0	1920
1920	0	0
1920	0	0
1440	0	480
0	0	1920
1920	0	0
1920	0	0
0	0	1920
0	480	1440
0	0	1920
1920	0	0
200	1300	420
513	12	1395
150	0	1770
12	0	1908
1920	0	0
330	1524	66
1122	36	762
896	0	1024
960	0	960
1920	0	0
0	0	1920
256	1664	0
0	0	1920
1620	0	300
427	121	1372
0	0	1920
1248	396	276
0	1920	0
1860	30	30
0	0	1920
120	1350	450
1920	0	0
0	0	1920
1408	256	256
0	1920	0
292	340	1288
1024	0	896
87	1734	99
0	0	1920
0	0	1920
0	0	1920
0	0	1920
0	0	1920
0	0	1920
0	0	1920
0	0	1920
1920	0	0
0	1440	480
420	0	1500
0	1920	0
630	810	480
0	0	1920
1920	0	0
0	0	1920
0	1920	0
0	0	1920
0	0	1920
0	0	1920
0	0	1920
0	44	1876
225	240	1455
0	0	1920
0	1920	0
0	0	1920
0	0	1920
0	0	1920
0	0	1920
0	0	1920
0	0	1920
0	0	1920
0	0	1920
0	0	1920
896	1024	0
1830	0	90
1920	0	0
0	0	1920
0	0	1920
0	1920	0
96	608	1216
1920	0	0
60	0	1860
0	0	1920
0	0	1920
0	0	1920
1800	120	0
0	0	1920
1920	0	0
1920	0	0
1920	0	0
0	0	1920
1920	0	0
0	1280	640
0	0	1920
0	1280	640
230	782	908
1920	0	0
960	960	0
0	0	1920
0	0	1920
1323	387	210
0	0	1920
0	480	1440
0	0	1920
1920	0	0
0	0	1920
0	0	1920
960	0	960
0	0	1920
1350	90	480
0	0	1920
0	0	1920
0	0	1920
0	0	1920
0	1920	0
0	0	1920
0	0	1920
0	1395	525
0	0	1920
0	0	1920
0	1920	0
1152	128	640
1920	0	0
0	0	1920
0	0	1920
540	0	1380
1641	222	57
0	0	1920
0	0	1920
0	0	1920
0	0	1920
0	1920	0
1033	259	628
0	0	1920
0	1088	832
0	0	1920
0	1920	0
0	0	1920
0	0	1920
0	0	1920
1740	56	124
0	104	1816
0	0	1920
0	0	1920
0	0	1920
0	1536	384
1920	0	0
256	384	1280
0	0	1920
0	20	1900
232	0	1688
1920	0	0
465	15	1440
1488	384	48
0	0	1920
256	0	1664
0	480	1440
0	1920	0
0	0	1920
1408	0	512
1920	0	0
1920	0	0
1920	0	0
1920	0	0
0	0	1920
0	0	1920
0	1920	0
0	1920	0
0	1920	0
1920	0	0
0	0	1920
0	0	1920
0	0	1920
0	0	1920
0	0	1920
0	0	1920
0	0	1920
0	1920	0
128	0	1792
0	0	1920
0	0	1920
540	0	1380
570	48	1302
960	320	640
384	1152	384
1050	390	480
1040	220	660
512	0	1408
254	1666	0
480	1440	0
120	15	1785
0	0	1920
0	0	1920
0	1920	0
0	1920	0
0	0	1920
0	0	1920
1920	0	0
0	0	1920
0	0	1920
1920	0	0
768	672	480
0	1920	0
0	0	1920
0	0	1920
868	92	960
256	1664	0
0	0	1920
0	0	1920
0	0	1920
0	0	1920
0	0	1920
1920	0	0
0	0	1920
0	1920	0
0	0	1920
128	1344	448
0	0	1920
0	1860	60
120	0	1800
0	0	1920
0	1920	0
0	1440	480
0	0	1920
1920	0	0
1920	0	0
1920	0	0
0	1920	0
1920	0	0
0	0	1920
0	0	1920
0	256	1664
44	1448	428
0	0	1920
0	0	1920
1920	0	0
0	0	1920
0	0	1920
0	0	1920
0	480	1440
0	0	1920
0	1920	0
450	360	1110
1920	0	0
0	0	1920
0	0	1920
0	0	1920
0	0	1920
0	0	1920
0	0	1920
0	0	1920
0	0	1920
1920	0	0
0	0	1920
1920	0	0
1920	0	0
1920	0	0
0	0	1920
0	1344	576
1920	0	0
1920	0	0
0	0	1920
0	0	1920
0	1920	0
0	0	1920
0	0	1920
1920	0	0
0	1920	0
0	1920	0
0	1080	840
1785	0	135
0	0	1920
0	0	1920
0	0	1920
0	0	1920
0	0	1920
0	0	1920
0	0	1920
0	0	1920
0	1920	0
0	0	1920
0	0	1920
0	0	1920
0	0	1920
352	384	1184
712	928	280
0	0	1920
0	0	1920
1920	0	0
0	0	1920
1920	0	0
0	1920	0
0	0	1920
1440	480	0
0	0	1920
480	1440	0
1920	0	0
0	0	1920
0	0	1920
1664	0	256
0	0	1920
0	1035	885
0	0	1920
0	0	1920
0	0	1920
0	0	1920
0	0	1920
0	0	1920
1920	0	0
0	0	1920
0	0	1920
960	0	960
0	384	1536
0	0	1920
384	1536	0
0	0	1920
0	640	1280
0	960	960
0	0	1920
1920	0	0
0	0	1920
1680	0	240
912	896	112
0	1024	896
1920	0	0
0	0	1920
1920	0	0
1920	0	0
1860	60	0
0	0	1920
0	0	1920
0	0	1920
0	1920	0
0	0	1920
0	0	1920
0	0	1920
0	0	1920
0	0	1920
0	0	1920
0	0	1920
0	0	1920
0	0	1920
0	0	1920
0	0	1920
0	0	1920
0	0	1920
0	0	1920
0	1440	480
0	0	1920
1860	0	60
0	0	1920
0	1664	256
0	0	1920
0	0	1920
0	0	1920
1560	0	360
0	720	1200
1920	0	0
0	0	1920
0	1280	640
0	0	1920
0	0	1920
597	576	747
0	0	1920
0	0	1920
0	0	1920
48	1392	480
0	0	1920
400	886	634
0	0	1920
0	0	1920
1920	0	0
0	0	1920
0	0	1920
0	0	1920
0	0	1920
0	0	1920
0	0	1920
0	0	1920
0	0	1920
0	0	1920
0	0	1920
1920	0	0
0	0	1920
0	0	1920
0	1920	0
20	532	1368
0	256	1664
780	180	960
0	1920	0
950	720	250
480	0	1440
0	0	1920
1920	0	0
0	0	1920
0	1920	0
0	1440	480
0	0	1920
1920	0	0
0	1920	0
270	810	840
0	0	1920
0	0	1920
0	0	1920
0	0	1920
0	0	1920
0	0	1920
1920	0	0
1920	0	0
0	0	1920
0	0	1920
0	0	1920
0	0	1920
0	960	960
896	128	896
0	0	1920
0	0	1920
0	0	1920
0	0	1920
1920	0	0
0	0	1920
0	1920	0
0	0	1920
1320	0	600
0	0	1920
0	0	1920
0	0	1920
1920	0	0
0	0	1920
256	0	1664
960	0	960
0	1920	0
0	0	1920
0	0	1920
0	0	1920
1560	0	360
0	0	1920
0	0	1920
0	0	1920
16	604	1300
0	0	1920
1920	0	0
0	60	1860
0	0	1920
0	0	1920
0	0	1920
0	0	1920
1920	0	0
1920	0	0
0	0	1920
0	0	1920
1276	0	644
0	1920	0
1920	0	0
1920	0	0
0	0	1920
0	0	1920
1920	0	0
0	1920	0
0	0	1920
0	0	1920
0	0	1920
0	0	1920
0	1920	0
0	0	1920
960	0	960
0	1920	0
128	1664	128
0	60	1860
0	1920	0
0	0	1920
1920	0	0
1920	0	0
0	0	1920
0	0	1920
0	0	1920
0	0	1920
0	960	960
0	0	1920
1920	0	0
0	60	1860
1920	0	0
0	0	1920
0	1920	0
0	0	1920
0	0	1920
0	180	1740
0	0	1920
0	0	1920
0	0	1920
0	0	1920
0	0	1920
0	0	1920
0	0	1920
180	0	1740
1920	0	0
0	0	1920
0	0	1920
0	0	1920
0	0	1920
0	0	1920
0	960	960
0	0	1920
0	0	1920
0	0	1920
0	1920	0
0	0	1920
0	0	1920
1920	0	0
0	0	1920
0	0	1920
0	0	1920
0	1920	0
0	0	1920
0	0	1920
0	1920	0
0	252	1668
0	0	1920
0	0	1920
1920	0	0
0	1792	128
0	0	1920
1920	0	0
0	512	1408
0	0	1920
1080	728	112
0	0	1920
0	1920	0
1792	0	128
1920	0	0
0	0	1920
128	0	1792
0	0	1920
0	1920	0
0	1920	0
1152	0	768
0	1920	0
0	1920	0
0	0	1920
1920	0	0
960	960	0
0	0	1920
0	0	1920
1920	0	0
0	1440	480
0	0	1920
0	0	1920
1920	0	0
0	1920	0
0	0	1920
1920	0	0
1920	0	0
0	0	1920
1792	0	128
1920	0	0
0	0	1920
0	0	1920
1620	0	300
60	0	1860
0	0	1920
0	1920	0
1920	0	0
1110	30	780
1920	0	0
0	0	1920
0	0	1920
0	0	1920
0	0	1920
0	0	1920
984	676	260
0	0	1920
0	0	1920
0	1920	0
0	1920	0
512	352	1056
1920	0	0
1920	0	0
1920	0	0
1920	0	0
0	0	1920
1024	896	0
0	0	1920
0	0	1920
1408	128	384
960	0	960
150	330	1440
1323	75	522
0	0	1920
0	0	1920
112	0	1808
645	448	827
1103	598	219
0	0	1920
512	1056	352
0	480	1440
0	0	1920
0	0	1920
1920	0	0
1920	0	0
0	0	1920
0	1024	896
0	0	1920
0	0	1920
0	0	1920
0	0	1920
0	0	1920
105	0	1815
1920	0	0
1053	366	501
960	0	960
180	888	852
0	0	1920
0	0	1920
0	0	1920
0	0	1920
0	0	1920
0	0	1920
0	0	1920
0	0	1920
0	1152	768
1920	0	0
0	0	1920
1152	0	768
1860	45	15
1920	0	0
0	0	1920
1920	0	0
0	0	1920
1920	0	0
1920	0	0
0	1920	0
1920	0	0
30	210	1680
420	1500	0
0	0	1920
1920	0	0
0	0	1920
0	0	1920
0	0	1920
1440	0	480
320	819	781
0	768	1152
1696	0	224
180	1170	570
1536	384	0
1504	256	160
0	0	1920
0	0	1920
0	0	1920
0	0	1920
0	0	1920
0	0	1920
0	0	1920
1920	0	0
1920	0	0
1920	0	0
1440	0	480
1920	0	0
0	0	1920
1920	0	0
1680	0	240
1920	0	0
0	0	1920
1440	450	30
0	0	1920
0	0	1920
0	0	1920
1696	0	224
0	0	1920
0	0	1920
0	0	1920
0	0	1920
1920	0	0
0	1920	0
0	1504	416
0	960	960
832	128	960
0	0	1920
0	132	1788
117	1616	187
0	0	1920
16	572	1332
0	16	1904
1920	0	0
0	1920	0
0	0	1920
1920	0	0
1920	0	0
0	0	1920
0	0	1920
0	0	1920
0	0	1920
0	0	1920
0	0	1920
270	1170	480
0	0	1920
0	1920	0
0	0	1920
43	333	1544
0	0	1920
0	0	1920
0	0	1920
0	1920	0
0	0	1920
0	1920	0
0	1920	0
0	640	1280
0	0	1920
0	0	1920
0	0	1920
0	1920	0
0	0	1920
120	0	1800
0	1920	0
1800	120	0
0	0	1920
1056	0	864
0	0	1920
1920	0	0
0	1920	0
0	0	1920
0	1920	0
0	0	1920
0	1440	480
0	1440	480
36	0	1884
0	24	1896
0	0	1920
0	1920	0
0	0	1920
0	0	1920
0	0	1920
896	0	1024
0	0	1920
1000	0	920
480	45	1395
1920	0	0
256	0	1664
0	0	1920
1920	0	0
1920	0	0
0	1920	0
0	0	1920
0	0	1920
1260	660	0
334	820	766
1800	120	0
0	1664	256
0	0	1920
0	0	1920
0	1920	0
1920	0	0
0	0	1920
1920	0	0
0	0	1920
1740	30	150
0	1920	0
840	0	1080
0	1920	0
0	0	1920
0	1860	60
60	1280	580
0	0	1920
1740	0	180
60	90	1770
0	1920	0
1600	320	0
240	420	1260
1860	45	15
0	0	1920
0	0	1920
1920	0	0
1920	0	0
0	480	1440
1350	270	300
1890	0	30
0	0	1920
128	0	1792
0	1920	0
0	0	1920
0	1920	0
0	0	1920
0	0	1920
0	0	1920
60	0	1860
0	0	1920
0	0	1920
0	1920	0
0	0	1920
0	0	1920
128	0	1792
0	0	1920
1080	0	840
1920	0	0
1920	0	0
0	0	1920
224	1440	256
0	0	1920
0	0	1920
0	0	1920
1440	0	480
1080	840	0
0	0	1920
0	1920	0
0	0	1920
0	0	1920
1920	0	0
1800	120	0
128	0	1792
1395	45	480
1488	432	0
112	784	1024
60	465	1395
0	1920	0
0	0	1920
0	0	1920
768	1020	132
0	0	1920
1620	0	300
0	1920	0
180	0	1740
0	0	1920
1280	0	640
20	544	1356
0	0	1920
1920	0	0
1792	0	128
0	0	1920
0	0	1920
0	1920	0
0	1920	0
0	0	1920
0	1440	480
0	0	1920
1920	0	0
1920	0	0
108	532	1280
0	0	1920
0	0	1920
0	0	1920
0	0	1920
0	0	1920
512	1056	352
116	4	1800
1440	0	480
0	480	1440
192	451	1277
960	960	0
630	20	1270
0	0	1920
585	1050	285
0	0	1920
0	1920	0
0	1920	0
0	0	1920
0	0	1920
180	1620	120
0	0	1920
1920	0	0
480	63	1377
1920	0	0
352	1568	0
0	0	1920
0	0	1920
256	0	1664
0	0	1920
0	0	1920
0	1440	480
1440	0	480
1920	0	0
771	637	512
60	60	1800
919	535	466
0	0	1920
0	0	1920
1920	0	0
0	480	1440
0	0	1920
0	0	1920
0	0	1920
1920	0	0
1280	0	640
435	1218	267
576	0	1344
0	368	1552
112	728	1080
582	1050	288
1600	128	192
0	0	1920
1920	0	0
0	1920	0
0	0	1920
200	1648	72
0	1920	0
1024	0	896
0	0	1920
1920	0	0
128	0	1792
0	0	1920
1440	480	0
0	480	1440
0	0	1920
1920	0	0
0	0	1920
0	0	1920
1566	9	345
116	8	1796
0	1920	0
0	1920	0
0	0	1920
0	1920	0
0	1920	0
1920	0	0
0	0	1920
0	0	1920
300	0	1620
0	0	1920
0	0	1920
0	1920	0
1920	0	0
0	0	1920
1920	0	0
556	1144	220
0	280	1640
420	1500	0
0	0	1920
0	0	1920
1920	0	0
44	116	1760
124	4	1792
1792	96	32
896	0	1024
944	818	158
128	1792	0
1260	204	456
1044	232	644
213	146	1561
100	0	1820
104	196	1620
687	646	587
688	80	1152
1920	0	0
905	591	424
448	713	759
128	1056	736
60	1200	660
0	1500	420
1920	0	0
25	273	1622
24	512	1384
1371	503	46
600	330	990
0	928	992
0	1920	0
1920	0	0
1920	0	0
0	0	1920
1536	384	0
32	0	1888
340	680	900
1920	0	0
1664	0	256
0	0	1920
0	0	1920
0	0	1920
0	0	1920
45	45	1830
756	0	1164
4	124	1792
1664	0	256
256	0	1664
512	0	1408
78	114	1728
96	1824	0
44	1876	0
115	1525	280
104	140	1676
89	421	1410
1072	705	143
0	0	1920
0	0	1920
124	640	1156
1920	0	0
1920	0	0
64	1856	0
1920	0	0
128	1792	0
1920	0	0
0	1920	0
384	1464	72
310	793	817
1591	275	54
1740	0	180
514	809	597
180	945	795
0	180	1740
525	45	1350
0	960	960
0	0	1920
630	330	960
540	16	1364
582	1298	40
651	720	549
800	210	910
0	0	1920
217	269	1434
1379	207	334
60	312	1548
1440	348	132
399	992	529
0	0	1920
0	0	1920
0	30	1890
60	1860	0
1920	0	0
1536	384	0
0	1920	0
1920	0	0
46	422	1452
0	60	1860
0	120	1800
591	855	474
0	1920	0
0	8	1912
0	1920	0
1440	0	480
360	1520	40
1920	0	0
56	1864	0
27	442	1451
386	383	1151
149	702	1069
110	1350	460
0	0	1920
12	0	1908
1170	404	346
239	221	1460
90	870	960
601	589	730
1196	0	724
465	707	748
0	0	1920
200	192	1528
1503	130	287
528	120	1272
759	285	876
1452	120	348
1824	0	96
0	0	1920
480	960	480
465	559	896
0	960	960
870	142	908
544	864	512
1512	389	19
0	1920	0
292	1596	32
1536	384	0
80	1380	460
4	432	1484
529	658	733
128	0	1792
1116	434	370
1608	196	116
651	729	540
102	1034	784
128	896	896
490	869	561
812	0	1108
1920	0	0
1568	256	96
128	1664	128
553	767	600
506	17	1397
720	1152	48
768	1152	0
1273	288	359
725	510	685
1413	118	389
128	1152	640
1423	152	345
0	0	1920
0	0	1920
159	1191	570
201	1030	689
1408	0	512
1920	0	0
128	1792	0
512	630	778
1536	0	384
0	480	1440
1920	0	0
320	640	960
128	264	1528
1565	211	144
1536	96	288
124	1664	132
0	0	1920
172	168	1580
0	512	1408
389	411	1120
768	768	384
489	173	1258
992	192	736
608	500	812
172	396	1352
496	912	512
288	840	792
0	0	1920
1440	0	480
1440	0	480
512	0	1408
720	120	1080
480	960	480
1920	0	0
16	1048	856
0	0	1920
0	896	1024
1440	456	24
0	1920	0
0	128	1792
896	1024	0
1440	0	480
640	672	608
0	0	1920
1920	0	0
0	0	1920
60	0	1860
668	138	1114
1440	0	480
1920	0	0
240	960	720
576	1344	0
675	585	660
274	424	1222
1920	0	0
768	0	1152
0	1920	0
360	1035	525
960	0	960
1920	0	0
0	1920	0
0	480	1440
0	1920	0
1920	0	0
0	1920	0
52	0	1868
1920	0	0
1740	180	0
24	1896	0
0	0	1920
1215	225	480
0	720	1200
1920	0	0
1920	0	0
1920	0	0
246	1308	366
0	0	1920
900	0	1020
1920	0	0
32	300	1588
0	1920	0
0	1920	0
88	268	1564
1500	4	416
1251	291	378
448	512	960
102	1664	154
224	692	1004
0	1920	0
960	60	900
480	0	1440
0	0	1920
1920	0	0
384	0	1536
0	1860	60
429	416	1075
3	39	1878
0	0	1920
1530	18	372
0	0	1920
0	0	1920
0	1920	0
1200	660	60
0	384	1536
1320	0	600
1920	0	0
256	311	1353
1260	660	0
0	0	1920
1920	0	0
0	0	1920
0	0	1920
0	0	1920
0	0	1920
1664	256	0
1664	256	0
0	8	1912
1408	0	512
900	1020	0
0	0	1920
0	0	1920
1140	780	0
0	1920	0
0	1920	0
0	0	1920
12	44	1864
456	24	1440
0	0	1920
0	0	1920
0	0	1920
0	0	1920
0	0	1920
0	1440	480
1920	0	0
0	0	1920
0	0	1920
0	0	1920
0	0	1920
0	0	1920
1920	0	0
0	0	1920
0	0	1920
0	60	1860
0	0	1920
0	1920	0
0	1920	0
0	1920	0
0	0	1920
0	0	1920
0	0	1920
1920	0	0
0	1920	0
1920	0	0
0	0	1920
1920	0	0
0	0	1920
0	0	1920
0	0	1920
0	0	1920
1920	0	0
1920	0	0
0	840	1080
120	0	1800
0	0	1920
900	780	240
0	0	1920
0	0	1920
0	0	1920
0	0	1920
0	0	1920
0	0	1920
960	0	960
0	0	1920
0	0	1920
0	0	1920
0	0	1920
1476	100	344
555	776	589
0	0	1920
0	0	1920
0	0	1920
480	0	1440
1020	0	900
0	0	1920
0	0	1920
0	0	1920
0	0	1920
1030	475	415
0	0	1920
0	0	1920
0	0	1920
0	0	1920
0	0	1920
0	0	1920
0	0	1920
540	1065	315
0	0	1920
0	0	1920
1920	0	0
0	0	1920
0	0	1920
0	480	1440
1474	16	430
1404	412	104
1920	0	0
0	1920	0
1220	24	676
1920	0	0
0	0	1920
0	0	1920
0	0	1920
1920	0	0
0	0	1920
0	0	1920
0	0	1920
0	1920	0
1920	0	0
0	1920	0
576	288	1056
0	0	1920
0	1920	0
1875	14	31
0	1920	0
0	1920	0
0	0	1920
1408	384	128
0	1920	0
1860	0	60
0	0	1920
0	0	1920
0	0	1920
1920	0	0
0	0	1920
204	700	1016
1860	0	60
1792	0	128
0	0	1920
0	0	1920
0	0	1920
204	1660	56
0	0	1920
888	288	744
204	912	804
108	432	1380
1920	0	0
512	416	992
1472	0	448
1920	0	0
990	0	930
1920	0	0
0	0	1920
0	0	1920
1920	0	0
0	0	1920
128	1792	0
0	0	1920
0	0	1920
1664	0	256
0	0	1920
0	0	1920
1560	360	0
0	0	1920
0	0	1920
0	0	1920
384	0	1536
960	896	64
0	0	1920
0	0	1920
0	1860	60
0	0	1920
0	0	1920
0	0	1920
0	0	1920
0	0	1920
1920	0	0
0	0	1920
0	1920	0
240	960	720
0	0	1920
435	480	1005
0	1920	0
780	780	360
0	0	1920
0	0	1920
0	0	1920
0	0	1920
1920	0	0
0	0	1920
0	0	1920
0	0	1920
0	0	1920
0	0	1920
0	0	1920
0	0	1920
0	0	1920
1920	0	0
960	0	960
56	364	1500
0	0	1920
0	0	1920
0	1920	0
0	0	1920
0	0	1920
128	0	1792
0	0	1920
0	0	1920
0	0	1920
0	0	1920
0	0	1920
0	1920	0
0	1920	0
1920	0	0
0	0	1920
0	0	1920
0	0	1920
0	0	1920
0	0	1920
0	0	1920
0	128	1792
0	0	1920
1920	0	0
0	60	1860
0	1920	0
1920	0	0
0	0	1920
768	640	512
0	0	1920
1596	234	90
1920	0	0
1920	0	0
750	612	558
986	368	566
555	708	657
1665	136	119
960	0	960
1547	157	216
1215	264	441
1800	120	0
0	0	1920
22	1339	559
140	160	1620
0	0	1920
0	0	1920
0	0	1920
0	256	1664
0	0	1920
0	0	1920
0	0	1920
1920	0	0
0	1920	0
36	3	1881
480	0	1440
0	1440	480
540	0	1380
0	0	1920
0	0	1920
0	1440	480
0	1920	0
0	0	1920
960	0	960
113	1581	226
1920	0	0
480	1002	438
0	0	1920
0	0	1920
1890	0	30
0	1920	0
540	588	792
0	0	1920
540	0	1380
0	1920	0
0	0	1920
0	0	1920
0	0	1920
1920	0	0
1408	0	512
646	706	568
0	0	1920
0	0	1920
0	0	1920
0	0	1920
1920	0	0
0	0	1920
0	0	1920
120	1260	540
1920	0	0
0	0	1920
640	310	970
580	430	910
0	1612	308
6	1728	186
423	624	873
70	490	1360
484	1432	4
1920	0	0
300	1620	0
0	0	1920
0	1920	0
0	0	1920
256	1664	0
200	440	1280
32	6	1882
0	0	1920
0	0	1920
114	168	1638
915	451	554
120	1350	450
480	1440	0
0	896	1024
1736	57	127
1920	0	0
1920	0	0
522	1218	180
844	426	650
198	74	1648
1397	427	96
768	1152	0
0	1920	0
15	45	1860
0	960	960
1920	0	0
0	992	928
480	0	1440
0	144	1776
0	0	1920
0	1440	480
0	1920	0
960	576	384
0	0	1920
0	0	1920
0	0	1920
1920	0	0
0	1920	0
0	480	1440
0	1920	0
1440	0	480
0	0	1920
0	0	1920
0	0	1920
0	0	1920
1920	0	0
60	1860	0
1920	0	0
0	0	1920
512	1344	64
574	1122	224
340	688	892
0	1920	0
1920	0	0
1920	0	0
960	0	960
0	0	1920
0	1920	0
0	1536	384
0	384	1536
420	120	1380
0	0	1920
0	1920	0
0	0	1920
0	0	1920
1860	0	60
0	1920	0
0	0	1920
0	0	1920
0	1920	0
0	0	1920
0	1920	0
0	0	1920
0	1920	0
0	1440	480
1860	0	60
0	60	1860
1920	0	0
0	224	1696
1920	0	0
0	0	1920
0	0	1920
0	0	1920
0	0	1920
0	0	1920
0	0	1920
0	0	1920
400	560	960
1458	402	60
1260	0	660
0	1920	0
0	0	1920
0	0	1920
480	0	1440
0	0	1920
480	0	1440
0	480	1440
96	1560	264
0	1920	0
0	0	1920
0	0	1920
1920	0	0
1440	480	0
0	0	1920
0	0	1920
105	420	1395
0	0	1920
0	0	1920
384	384	1152
0	0	1920
240	1260	420
0	1920	0
1824	96	0
0	512	1408
0	0	1920
0	1680	240
0	0	1920
0	0	1920
192	1190	538
0	1920	0
1920	0	0
60	0	1860
1860	0	60
1920	0	0
0	0	1920
0	0	1920
0	0	1920
1248	64	608
72	696	1152
1920	0	0
0	0	1920
0	0	1920
1440	0	480
0	1920	0
1440	480	0
1620	300	0
0	0	1920
0	0	1920
640	0	1280
0	0	1920
0	1920	0
0	1664	256
0	0	1920
1920	0	0
1920	0	0
0	0	1920
0	0	1920
0	0	1920
0	0	1920
0	0	1920
0	1920	0
0	0	1920
1920	0	0
0	0	1920
1920	0	0
0	0	1920
0	0	1920
0	0	1920
0	0	1920
1920	0	0
718	1019	183
1920	0	0
408	1288	224
0	0	1920
0	0	1920
0	1440	480
0	0	1920
0	0	1920
0	1920	0
0	1920	0
0	1920	0
512	1408	0
0	0	1920
960	0	960
1920	0	0
0	0	1920
896	1024	0
0	0	1920
756	417	747
0	1920	0
192	1152	576
1064	727	129
0	45	1875
1920	0	0
0	0	1920
0	0	1920
64	1472	384
0	0	1920
1458	306	156
1440	0	480
0	0	1920
0	0	1920
0	0	1920
0	0	1920
0	0	1920
0	0	1920
0	0	1920
0	0	1920
0	0	1920
0	0	1920
0	0	1920
0	0	1920
0	0	1920
0	0	1920
1920	0	0
640	384	896
0	0	1920
0	1920	0
0	0	1920
0	0	1920
0	0	1920
0	1920	0
0	0	1920
0	0	1920
1920	0	0
0	0	1920
1920	0	0
0	1395	525
0	0	1920
0	1740	180
0	1920	0
0	0	1920
1920	0	0
0	1920	0
0	0	1920
120	1800	0
0	1920	0
0	0	1920
0	1408	512
0	0	1920
0	0	1920
0	0	1920
0	0	1920
0	0	1920
0	1920	0
0	1920	0
0	1920	0
0	0	1920
0	0	1920
60	1860	0
0	1920	0
0	1920	0
0	0	1920
0	0	1920
720	0	1200
0	0	1920
1920	0	0
0	960	960
0	0	1920
0	1920	0
0	0	1920
1920	0	0
1920	0	0
0	0	1920
0	480	1440
1920	0	0
0	0	1920
1920	0	0
0	0	1920
1920	0	0
0	0	1920
1920	0	0
0	0	1920
0	0	1920
0	0	1920
128	0	1792
0	0	1920
1440	0	480
0	1920	0
0	0	1920
0	1920	0
0	1920	0
1920	0	0
1920	0	0
0	0	1920
0	0	1920
0	0	1920
1920	0	0
1920	0	0
0	1792	128
448	96	1376
0	480	1440
448	704	768
0	0	1920
0	1920	0
0	0	1920
1920	0	0
0	0	1920
0	0	1920
0	1920	0
780	0	1140
0	0	1920
0	1920	0
0	1920	0
1920	0	0
1920	0	0
120	1260	540
4	16	1900
0	0	1920
0	0	1920
0	1152	768
0	0	1920
0	0	1920
0	1920	0
0	0	1920
0	0	1920
0	0	1920
0	0	1920
0	0	1920
0	0	1920
1440	0	480
0	0	1920
0	0	1920
0	1920	0
0	0	1920
0	480	1440
128	0	1792
0	1920	0
128	0	1792
960	480	480
1152	0	768
0	0	1920
1920	0	0
0	0	1920
0	0	1920
900	0	1020
1890	0	30
90	390	1440
64	1504	352
0	0	1920
480	1440	0
0	0	1920
135	1305	480
0	1920	0
0	0	1920
0	1920	0
92	58	1770
264	368	1288
0	0	1920
0	0	1920
0	480	1440
0	0	1920
1920	0	0
0	960	960
0	1440	480
0	0	1920
0	0	1920
0	1920	0
0	0	1920
1920	0	0
480	0	1440
0	0	1920
0	0	1920
0	0	1920
0	1440	480
0	1920	0
480	1440	0
0	0	1920
1920	0	0
1125	315	480
1680	0	240
1920	0	0
780	780	360
0	0	1920
0	0	1920
0	0	1920
1800	120	0
0	0	1920
0	0	1920
1312	224	384
0	0	1920
0	0	1920
0	0	1920
0	1092	828
765	75	1080
0	0	1920
552	384	984
0	0	1920
0	0	1920
1920	0	0
0	1920	0
0	1920	0
0	0	1920
0	0	1920
0	0	1920
0	0	1920
0	0	1920
1920	0	0
0	0	1920
1920	0	0
0	0	1920
1920	0	0
0	0	1920
0	0	1920
1920	0	0
0	0	1920
60	0	1860
0	1920	0
0	1920	0
720	1200	0
0	256	1664
0	0	1920
232	24	1664
0	960	960
0	0	1920
341	1519	60
256	0	1664
120	0	1800
0	0	1920
0	480	1440
0	0	1920
0	0	1920
1875	0	45
0	0	1920
1920	0	0
0	0	1920
0	0	1920
0	0	1920
0	0	1920
0	1920	0
1860	60	0
0	0	1920
0	0	1920
0	0	1920
0	840	1080
0	0	1920
0	0	1920
0	0	1920
256	416	1248
0	0	1920
1920	0	0
486	213	1221
960	0	960
0	0	1920
1792	0	128
1080	210	630
0	180	1740
0	0	1920
0	0	1920
0	1920	0
1920	0	0
1440	480	0
0	0	1920
0	0	1920
1920	0	0
0	1860	60
0	0	1920
1920	0	0
768	0	1152
0	1920	0
256	0	1664
0	0	1920
0	0	1920
0	0	1920
0	0	1920
1248	608	64
0	1664	256
1920	0	0
0	1920	0
0	0	1920
0	0	1920
0	0	1920
0	0	1920
0	480	1440
0	1920	0
0	0	1920
0	0	1920
1287	50	583
0	0	1920
620	684	616
0	0	1920
1920	0	0
0	0	1920
0	0	1920
0	640	1280
0	0	1920
0	0	1920
1408	0	512
1920	0	0
792	432	696
1440	480	0
0	0	1920
0	1920	0
1920	0	0
1792	0	128
0	0	1920
480	0	1440
1320	60	540
0	0	1920
0	0	1920
0	0	1920
0	1920	0
0	0	1920
0	0	1920
0	0	1920
1920	0	0
0	0	1920
0	0	1920
0	0	1920
0	0	1920
480	0	1440
896	0	1024
1920	0	0
483	363	1074
0	0	1920
1408	0	512
0	1920	0
1020	0	900
0	0	1920
0	0	1920
0	1440	480
0	0	1920
1920	0	0
1920	0	0
160	1280	480
0	1920	0
0	0	1920
545	560	815
0	1200	720
0	0	1920
0	0	1920
0	1920	0
1920	0	0
1920	0	0
0	0	1920
406	545	969
0	0	1920
168	0	1752
0	0	1920
1440	480	0
1680	0	240
1117	54	749
128	0	1792
0	0	1920
0	0	1920
0	1920	0
0	0	1920
480	0	1440
0	0	1920
0	0	1920
1920	0	0
0	0	1920
0	0	1920
0	0	1920
0	0	1920
0	1920	0
1239	351	330
0	0	1920
0	1920	0
1920	0	0
0	0	1920
0	1920	0
0	0	1920
384	1440	96
0	0	1920
1920	0	0
0	0	1920
0	1920	0
0	0	1920
0	1408	512
0	0	1920
480	0	1440
480	1440	0
0	1920	0
0	0	1920
1920	0	0
0	0	1920
0	0	1920
0	0	1920
0	1920	0
0	0	1920
0	1920	0
0	0	1920
0	0	1920
0	0	1920
412	488	1020
1860	60	0
0	0	1920
0	0	1920
0	0	1920
512	0	1408
512	0	1408
0	1920	0
0	0	1920
0	1920	0
384	1536	0
0	0	1920
1920	0	0
0	0	1920
372	0	1548
1920	0	0
128	896	896
0	0	1920
1920	0	0
0	0	1920
0	1920	0
1920	0	0
0	0	1920
0	256	1664
0	0	1920
0	0	1920
0	0	1920
0	0	1920
0	0	1920
0	1920	0
1800	0	120
480	0	1440
1920	0	0
0	1920	0
0	0	1920
300	0	1620
1920	0	0
1920	0	0
768	1152	0
1920	0	0
300	0	1620
384	0	1536
1038	882	0
1920	0	0
0	560	1360
240	870	810
162	224	1534
1920	0	0
60	0	1860
0	0	1920
480	1440	0
300	0	1620
0	1920	0
1920	0	0
0	0	1920
1380	540	0
0	1350	570
1920	0	0
0	1560	360
0	0	1920
0	1920	0
1440	480	0
0	0	1920
0	0	1920
384	0	1536
0	0	1920
780	840	300
0	0	1920
384	0	1536
0	128	1792
0	0	1920
1920	0	0
60	0	1860
1024	896	0
0	1920	0
0	1920	0
729	834	357
0	0	1920
512	1408	0
1260	93	567
0	0	1920
15	465	1440
0	0	1920
0	1920	0
480	1020	420
0	1920	0
1755	15	150
192	896	832
1920	0	0
0	900	1020
0	120	1800
24	512	1384
720	216	984
1920	0	0
0	0	1920
0	0	1920
0	0	1920
1920	0	0
1920	0	0
0	0	1920
464	32	1424
0	0	1920
0	0	1920
0	0	1920
0	0	1920
180	440	1300
1860	60	0
0	0	1920
0	0	1920
60	1860	0
432	80	1408
0	1440	480
1650	0	270
0	0	1920
320	1280	320
0	0	1920
240	0	1680
0	0	1920
1920	0	0
256	0	1664
1560	120	240
0	1920	0
0	0	1920
0	1920	0
1920	0	0
0	1920	0
63	1726	131
0	0	1920
0	0	1920
152	0	1768
0	0	1920
768	0	1152
1920	0	0
0	0	1920
471	21	1428
344	1144	432
0	0	1920
0	0	1920
128	1792	0
1740	0	180
1080	840	0
0	0	1920
0	420	1500
0	0	1920
0	1440	480
0	0	1920
1920	0	0
1408	0	512
0	480	1440
0	0	1920
1012	176	732
405	75	1440
0	0	1920
406	1293	221
0	0	1920
360	0	1560
1024	0	896
0	768	1152
0	0	1920
0	0	1920
512	0	1408
0	0	1920
1060	31	829
0	1440	480
1920	0	0
0	1920	0
0	0	1920
0	0	1920
0	1920	0
1920	0	0
480	192	1248
0	432	1488
0	0	1920
580	755	585
48	1812	60
0	0	1920
279	1137	504
497	902	521
1268	432	220
580	180	1160
1740	135	45
0	0	1920
0	0	1920
1920	0	0
0	480	1440
660	0	1260
1792	0	128
0	0	1920
360	0	1560
0	1920	0
0	0	1920
1920	0	0
0	0	1920
0	1680	240
286	911	723
0	0	1920
0	24	1896
1248	448	224
0	0	1920
0	0	1920
384	0	1536
0	0	1920
1920	0	0
0	0	1920
96	384	1440
0	1920	0
0	0	1920
0	0	1920
0	0	1920
0	0	1920
896	1024	0
300	1620	0
0	0	1920
1280	640	0
256	640	1024
0	896	1024
1536	0	384
1920	0	0
0	0	1920
0	1920	0
0	1920	0
45	435	1440
0	0	1920
0	0	1920
0	0	1920
0	0	1920
0	0	1920
0	0	1920
0	0	1920
0	0	1920
648	888	384
1446	420	54
120	1800	0
0	0	1920
1830	45	45
0	1920	0
1860	0	60
0	1664	256
0	0	1920
0	1260	660
0	900	1020
520	48	1352
1620	300	0
720	0	1200
0	0	1920
1620	300	0
0	0	1920
0	0	1920
1920	0	0
0	0	1920
0	1440	480
1920	0	0
0	0	1920
1920	0	0
120	0	1800
0	0	1920
0	960	960
60	1860	0
1792	0	128
0	0	1920
569	754	597
0	1696	224
1230	465	225
0	1320	600
256	832	832
476	556	888
1581	63	276
0	0	1920
0	0	1920
0	0	1920
0	0	1920
0	0	1920
171	315	1434
0	0	1920
608	672	640
0	0	1920
1440	0	480
0	1920	0
0	0	1920
0	0	1920
0	0	1920
64	1820	36
0	0	1920
135	1305	480
1920	0	0
1920	0	0
1920	0	0
1000	224	696
1920	0	0
0	480	1440
0	1920	0
420	1260	240
1920	0	0
0	1920	0
1920	0	0
1920	0	0
0	1920	0
546	1020	354
600	0	1320
0	1920	0
0	360	1560
0	0	1920
0	0	1920
1440	0	480
0	0	1920
0	0	1920
0	0	1920
0	0	1920
1920	0	0
1125	315	480
1170	270	480
376	200	1344
0	0	1920
0	0	1920
0	1920	0
0	0	1920
1920	0	0
0	1920	0
0	0	1920
0	0	1920
0	0	1920
0	1920	0
1920	0	0
0	0	1920
0	1920	0
1920	0	0
1920	0	0
0	1920	0
0	1920	0
0	1920	0
0	0	1920
0	0	1920
0	0	1920
1920	0	0
0	0	1920
0	0	1920
0	0	1920
0	0	1920
384	0	1536
0	1248	672
0	60	1860
768	0	1152
458	834	628
1620	0	300
960	0	960
0	0	1920
0	0	1920
990	450	480
0	60	1860
0	0	1920
0	0	1920
0	0	1920
615	0	1305
0	0	1920
1121	15	784
0	0	1920
0	0	1920
0	0	1920
1248	608	64
60	1860	0
45	1395	480
0	1920	0
1920	0	0
1600	0	320
1856	0	64
0	0	1920
1392	0	528
0	0	1920
1485	435	0
0	0	1920
0	0	1920
0	0	1920
1920	0	0
0	1920	0
0	0	1920
0	0	1920
0	1920	0
0	0	1920
0	0	1920
96	660	1164
0	0	1920
0	0	1920
0	1920	0
0	0	1920
0	0	1920
0	0	1920
0	0	1920
0	0	1920
0	0	1920
0	0	1920
0	1920	0
0	0	1920
0	0	1920
0	0	1920
0	0	1920
0	0	1920
0	0	1920
0	0	1920
1560	0	360
1920	0	0
0	0	1920
996	288	636
0	0	1920
128	0	1792
0	0	1920
0	0	1920
584	996	340
0	0	1920
0	0	1920
120	1800	0
0	0	1920
0	0	1920
0	0	1920
1920	0	0
0	0	1920
160	1136	624
0	0	1920
0	1920	0
714	256	950
0	1920	0
0	0	1920
40	208	1672
285	210	1425
45	570	1305
0	480	1440
0	0	1920
0	0	1920
1440	0	480
1710	210	0
0	0	1920
936	481	503
1024	224	672
0	0	1920
90	0	1830
0	0	1920
0	0	1920
0	0	1920
0	0	1920
0	0	1920
0	0	1920
0	0	1920
0	1920	0
0	0	1920
0	0	1920
0	0	1920
0	0	1920
0	1920	0
0	1920	0
105	210	1605
0	1920	0
1024	0	896
1920	0	0
48	336	1536
16	8	1896
0	0	1920
0	0	1920
1920	0	0
0	0	1920
0	0	1920
0	180	1740
128	1792	0
224	975	721
1440	160	320
0	0	1920
0	0	1920
1200	0	720
1860	60	0
1280	256	384
1054	264	602
1920	0	0
176	60	1684
390	69	1461
0	0	1920
0	0	1920
128	0	1792
0	1920	0
523	523	874
1920	0	0
623	461	836
1536	0	384
0	0	1920
0	0	1920
0	0	1920
0	1920	0
0	0	1920
0	1024	896
1770	60	90
0	0	1920
0	0	1920
480	1440	0
0	0	1920
1920	0	0
0	0	1920
0	0	1920
0	0	1920
0	0	1920
52	1808	60
1920	0	0
0	0	1920
0	0	1920
0	0	1920
332	1508	80
1536	0	384
0	0	1920
0	1440	480
0	0	1920
894	658	368
1920	0	0
1920	0	0
0	1920	0
1920	0	0
800	1088	32
0	1920	0
0	0	1920
1920	0	0
0	1920	0
1920	0	0
0	0	1920
0	0	1920
0	0	1920
0	0	1920
0	0	1920
0	0	1920
0	0	1920
1440	0	480
0	0	1920
600	1260	60
0	1612	308
0	0	1920
0	1920	0
1560	0	360
0	0	1920
384	512	1024
0	0	1920
0	0	1920
662	748	510
476	547	897
0	0	1920
0	0	1920
0	0	1920
1440	0	480
1530	240	150
0	0	1920
0	0	1920
0	0	1920
32	1440	448
0	1920	0
0	0	1920
1456	0	464
1920	0	0
0	0	1920
1536	384	0
0	0	1920
1200	0	720
0	1920	0
0	1920	0
0	0	1920
0	0	1920
0	0	1920
0	0	1920
0	0	1920
0	0	1920
0	0	1920
0	0	1920
0	0	1920
0	0	1920
0	0	1920
0	0	1920
0	0	1920
0	1280	640
0	0	1920
0	0	1920
0	0	1920
0	0	1920
0	0	1920
0	0	1920
0	0	1920
0	0	1920
0	0	1920
1860	0	60
1440	0	480
0	0	1920
0	0	1920
0	0	1920
0	0	1920
1920	0	0
1350	540	30
0	0	1920
1920	0	0
0	1920	0
256	896	768
256	1664	0
504	648	768
0	0	1920
480	1440	0
0	0	1920
0	1920	0
0	0	1920
252	408	1260
1920	0	0
1080	540	300
1920	0	0
1920	0	0
573	675	672
491	641	788
0	0	1920
0	0	1920
0	0	1920
570	60	1290
0	0	1920
1800	0	120
0	0	1920
0	0	1920
156	365	1399
0	0	1920
0	1920	0
0	0	1920
1792	0	128
0	0	1920
0	960	960
0	0	1920
0	0	1920
236	728	956
1401	255	264
780	672	468
0	0	1920
1860	60	0
1920	0	0
660	768	492
0	1920	0
465	0	1455
0	0	1920
0	0	1920
0	0	1920
0	1920	0
1920	0	0
0	0	1920
0	0	1920
0	0	1920
0	0	1920
0	0	1920
0	0	1920
0	0	1920
0	0	1920
0	0	1920
0	0	1920
0	0	1920
0	0	1920
0	0	1920
0	1920	0
0	1920	0
600	0	1320
0	0	1920
1440	0	480
0	1920	0
209	63	1648
0	0	1920
0	0	1920
0	0	1920
0	1440	480
0	0	1920
1920	0	0
1920	0	0
0	0	1920
1920	0	0
0	0	1920
0	0	1920
0	1920	0
0	0	1920
0	0	1920
0	1280	640
1920	0	0
0	0	1920
1253	449	218
0	0	1920
640	0	1280
0	1920	0
238	596	1086
1920	0	0
0	0	1920
0	0	1920
0	1920	0
0	0	1920
0	0	1920
1920	0	0
1920	0	0
0	0	1920
0	0	1920
1920	0	0
0	0	1920
0	0	1920
0	0	1920
0	0	1920
0	0	1920
0	784	1136
1920	0	0
0	1920	0
0	1920	0
1274	336	310
0	0	1920
0	0	1920
1920	0	0
0	0	1920
1920	0	0
0	0	1920
0	0	1920
1408	512	0
1920	0	0
0	1680	240
40	1468	412
0	1440	480
0	0	1920
0	0	1920
0	0	1920
345	1170	405
0	0	1920
0	0	1920
0	0	1920
1920	0	0
1920	0	0
0	1920	0
1062	466	392
0	0	1920
0	128	1792
0	0	1920
0	0	1920
0	480	1440
0	0	1920
0	0	1920
1760	64	96
0	0	1920
0	0	1920
0	0	1920
0	0	1920
0	0	1920
0	0	1920
0	0	1920
0	0	1920
0	0	1920
1024	0	896
0	0	1920
0	1920	0
960	960	0
0	0	1920
0	1920	0
0	0	1920
0	0	1920
615	15	1290
58	1305	557
1920	0	0
0	1920	0
0	0	1920
728	168	1024
0	0	1920
1920	0	0
0	1920	0
0	1920	0
1920	0	0
0	0	1920
0	1920	0
0	0	1920
0	0	1920
0	0	1920
0	0	1920
512	0	1408
0	0	1920
1572	33	315
0	0	1920
0	0	1920
0	120	1800
480	480	960
1440	0	480
0	0	1920
1140	780	0
0	0	1920
0	0	1920
0	0	1920
0	1920	0
0	896	1024
0	0	1920
0	0	1920
0	150	1770
0	0	1920
0	0	1920
0	1920	0
0	1920	0
0	1920	0
480	0	1440
0	0	1920
1536	0	384
0	1920	0
0	0	1920
0	0	1920
0	1920	0
0	0	1920
0	0	1920
159	458	1303
0	0	1920
0	0	1920
0	1920	0
60	195	1665
1440	480	0
0	0	1920
1920	0	0
0	0	1920
0	0	1920
34	1474	412
896	1024	0
1020	0	900
1920	0	0
1792	128	0
1920	0	0
0	1440	480
1440	0	480
1440	0	480
1920	0	0
1920	0	0
0	0	1920
1920	0	0
1185	405	330
60	0	1860
0	1920	0
1920	0	0
0	1920	0
1024	896	0
0	0	1920
0	0	1920
0	0	1920
0	0	1920
0	0	1920
1536	0	384
0	1920	0
0	0	1920
0	1920	0
1080	840	0
0	0	1920
0	0	1920
0	0	1920
1920	0	0
0	0	1920
1920	0	0
180	0	1740
768	1152	0
1920	0	0
0	0	1920
1920	0	0
0	0	1920
0	1440	480
0	1920	0
0	0	1920
1920	0	0
0	450	1470
1550	0	370
0	0	1920
0	0	1920
12	0	1908
1440	0	480
201	264	1455
348	1392	180
0	1920	0
0	0	1920
1920	0	0
0	1920	0
0	1920	0
1920	0	0
0	0	1920
0	1920	0
0	1170	750
1440	0	480
1920	0	0
224	0	1696
0	0	1920
0	0	1920
0	0	1920
960	0	960
1920	0	0
0	0	1920
0	0	1920
64	0	1856
1620	240	60
1920	0	0
1920	0	0
0	0	1920
1920	0	0
1248	672	0
896	0	1024
0	0	1920
1920	0	0
0	1920	0
0	0	1920
0	0	1920
533	1323	64
0	0	1920
1920	0	0
0	0	1920
0	0	1920
832	360	728
420	246	1254
24	348	1548
1792	0	128
0	1920	0
0	0	1920
780	1140	0
272	744	904
993	799	128
120	1800	0
576	0	1344
0	0	1920
1620	0	300
1536	384	0
512	0	1408
0	0	1920
0	1440	480
1440	0	480
160	1536	224
1920	0	0
22	58	1840
0	0	1920
480	480	960
448	1120	352
1408	106	406
1440	0	480
1440	315	165
60	15	1845
480	0	1440
1041	57	822
960	360	600
0	0	1920
960	480	480
1027	271	622
1740	180	0
0	1920	0
0	0	1920
1065	450	405
1920	0	0
1920	0	0
1800	0	120
0	1920	0
393	66	1461
868	649	403
564	632	724
0	0	1920
0	0	1920
69	39	1812
1405	125	390
0	0	1920
0	0	1920
0	0	1920
0	1920	0
0	0	1920
352	384	1184
1620	75	225
0	0	1920
195	780	945
1920	0	0
0	128	1792
0	0	1920
128	0	1792
0	1920	0
0	1920	0
0	1920	0
0	1920	0
1812	12	96
1440	96	384
1920	0	0
0	0	1920
1920	0	0
1152	768	0
1860	0	60
0	4	1916
896	1024	0
0	0	1920
818	941	161
256	801	863
544	864	512
840	619	461
1200	720	0
128	128	1664
1448	106	366
0	128	1792
256	0	1664
0	0	1920
0	0	1920
0	0	1920
0	0	1920
0	0	1920
0	0	1920
1335	45	540
0	0	1920
0	0	1920
0	1920	0
0	0	1920
1185	105	630
0	1920	0
0	1920	0
0	0	1920
0	0	1920
0	0	1920
0	0	1920
1920	0	0
1008	768	144
60	0	1860
0	0	1920
1888	32	0
0	0	1920
116	1796	8
0	0	1920
1440	0	480
1440	0	480
0	512	1408
1068	276	576
540	864	516
1408	128	384
1120	416	384
160	1312	448
0	960	960
1440	96	384
0	0	1920
0	0	1920
1920	0	0
1920	0	0
0	0	1920
0	0	1920
0	0	1920
0	0	1920
1440	0	480
1920	0	0
0	0	1920
1792	128	0
0	0	1920
252	1352	316
0	0	1920
0	0	1920
0	0	1920
78	125	1717
0	0	1920
0	384	1536
1440	0	480
0	0	1920
0	0	1920
0	0	1920
1920	0	0
0	0	1920
0	0	1920
0	0	1920
1920	0	0
0	0	1920
0	1860	60
1920	0	0
0	0	1920
0	1920	0
1920	0	0
0	0	1920
0	0	1920
1152	0	768
0	0	1920
0	0	1920
795	270	855
0	0	1920
60	0	1860
0	0	1920
0	0	1920
0	0	1920
984	852	84
640	1152	128
0	0	1920
384	0	1536
60	0	1860
0	0	1920
336	0	1584
0	0	1920
0	0	1920
585	1200	135
0	0	1920
1664	192	64
0	1248	672
1024	320	576
1920	0	0
0	0	1920
1920	0	0
150	330	1440
0	4	1916
180	1740	0
1920	0	0
0	0	1920
1504	32	384
1380	135	405
0	1920	0
0	0	1920
0	0	1920
0	0	1920
1395	360	165
1440	30	450
1920	0	0
290	1536	94
384	960	576
0	1920	0
480	576	864
0	0	1920
0	0	1920
0	1920	0
1077	368	475
1920	0	0
384	0	1536
756	36	1128
1792	0	128
480	672	768
0	0	1920
0	0	1920
0	0	1920
0	0	1920
0	0	1920
543	1377	0
0	1888	32
0	0	1920
0	1920	0
0	1920	0
569	528	823
1860	60	0
0	0	1920
468	249	1203
318	384	1218
1920	0	0
0	0	1920
0	1920	0
1860	0	60
0	0	1920
1920	0	0
620	20	1280
1920	0	0
0	0	1920
0	0	1920
1280	0	640
1400	346	174
0	1440	480
951	559	410
960	240	720
0	0	1920
0	1920	0
21	8	1891
160	776	984
83	87	1750
291	1053	576
0	1860	60
124	0	1796
1403	136	381
46	46	1828
0	116	1804
1920	0	0
0	1920	0
1344	576	0
1122	126	672
144	1296	480
0	1920	0
0	1280	640
0	0	1920
1472	448	0
24	0	1896
1920	0	0
1920	0	0
1740	120	60
0	840	1080
0	1280	640
0	0	1920
0	0	1920
0	0	1920
0	1632	288
0	1792	128
0	0	1920
0	1740	180
0	60	1860
0	0	1920
1439	39	442
0	1920	0
0	0	1920
0	60	1860
960	960	0
388	232	1300
0	1920	0
1920	0	0
0	0	1920
0	0	1920
0	1920	0
224	1696	0
1458	141	321
1920	0	0
480	1056	384
192	1408	320
896	864	160
0	1395	525
960	480	480
1815	0	105
372	60	1488
0	1792	128
0	0	1920
1920	0	0
0	1920	0
0	0	1920
1860	0	60
0	1792	128
1920	0	0
1860	0	60
60	1860	0
0	0	1920
0	0	1920
1455	465	0
0	0	1920
0	0	1920
1800	120	0
0	0	1920
60	1860	0
1444	11	465
660	1260	0
1408	512	0
0	1920	0
1140	780	0
930	588	402
1920	0	0
0	960	960
990	415	515
256	0	1664
480	1440	0
1020	60	840
0	0	1920
1920	0	0
1824	0	96
1120	180	620
1536	192	192
473	750	697
0	0	1920
0	0	1920
1920	0	0
1620	0	300
0	0	1920
295	1209	416
1440	480	0
1408	0	512
598	74	1248
1020	450	450
0	0	1920
0	1920	0
960	0	960
0	0	1920
1920	0	0
0	0	1920
1920	0	0
1920	0	0
0	1920	0
1920	0	0
0	0	1920
0	0	1920
600	0	1320
0	0	1920
0	0	1920
0	0	1920
0	0	1920
0	0	1920
0	0	1920
1920	0	0
1260	480	180
0	1920	0
1920	0	0
180	0	1740
0	0	1920
1920	0	0
0	1920	0
0	0	1920
0	672	1248
0	0	1920
1800	0	120
1920	0	0
128	1736	56
0	0	1920
0	0	1920
0	0	1920
1024	0	896
1440	0	480
0	1920	0
0	1920	0
0	384	1536
0	0	1920
0	0	1920
790	211	919
1010	688	222
512	0	1408
0	1920	0
0	1024	896
1024	0	896
1024	448	448
1920	0	0
896	0	1024
792	960	168
0	1920	0
0	0	1920
32	1792	96
1920	0	0
1920	0	0
0	0	1920
1488	0	432
0	1440	480
0	0	1920
480	0	1440
0	0	1920
960	0	960
0	0	1920
1664	0	256
0	0	1920
0	1920	0
164	688	1068
0	1920	0
0	0	1920
1649	72	199
567	168	1185
0	0	1920
0	1920	0
1920	0	0
1736	184	0
0	0	1920
0	0	1920
0	0	1920
0	0	1920
0	0	1920
0	0	1920
0	0	1920
0	0	1920
0	1860	60
0	1920	0
16	1904	0
1920	0	0
0	0	1920
500	272	1148
0	0	1920
0	0	1920
0	0	1920
1920	0	0
0	0	1920
0	1440	480
0	0	1920
0	0	1920
0	0	1920
0	0	1920
0	0	1920
0	1920	0
0	0	1920
0	0	1920
0	1920	0
0	1920	0
0	0	1920
144	96	1680
0	0	1920
0	0	1920
0	120	1800
1920	0	0
135	32	1753
0	0	1920
128	1664	128
0	0	1920
0	0	1920
1152	0	768
0	0	1920
736	928	256
841	365	714
0	1920	0
0	0	1920
0	0	1920
0	0	1920
0	0	1920
0	0	1920
480	0	1440
495	135	1290
0	0	1920
1920	0	0
480	0	1440
1920	0	0
1440	32	448
128	0	1792
128	0	1792
0	0	1920
0	1440	480
1440	0	480
0	0	1920
0	0	1920
0	0	1920
238	950	732
0	0	1920
0	0	1920
0	0	1920
0	1920	0
0	0	1920
0	0	1920
255	0	1665
1920	0	0
1920	0	0
0	0	1920
0	0	1920
0	1920	0
0	0	1920
0	0	1920
0	1920	0
0	0	1920
0	0	1920
0	0	1920
0	0	1920
0	0	1920
0	0	1920
0	960	960
1920	0	0
0	1920	0
1920	0	0
1440	0	480
1920	0	0
0	0	1920
0	1920	0
0	0	1920
0	0	1920
0	0	1920
0	0	1920
0	0	1920
0	0	1920
0	0	1920
0	0	1920
0	0	1920
1920	0	0
0	0	1920
1920	0	0
1920	0	0
0	0	1920
0	1920	0
1344	0	576
1920	0	0
0	1920	0
0	0	1920
0	0	1920
0	0	1920
0	0	1920
0	0	1920
180	30	1710
0	0	1920
0	0	1920
0	0	1920
0	0	1920
0	1536	384
0	0	1920
480	0	1440
0	0	1920
0	0	1920
0	0	1920
0	0	1920
0	0	1920
884	0	1036
180	1740	0
0	960	960
0	0	1920
0	0	1920
0	1440	480
0	1920	0
0	0	1920
1440	64	416
1920	0	0
0	0	1920
0	0	1920
0	0	1920
0	1920	0
0	1740	180
0	1920	0
86	345	1489
0	480	1440
1440	64	416
360	0	1560
810	300	810
447	1108	365
90	0	1830
1920	0	0
0	1440	480
0	480	1440
0	480	1440
0	0	1920
0	0	1920
1344	0	576
0	1440	480
1920	0	0
480	1440	0
0	0	1920
0	0	1920
0	0	1920
0	1920	0
1920	0	0
0	0	1920
0	1920	0
0	0	1920
0	0	1920
0	1920	0
0	1920	0
180	1560	180
0	0	1920
634	810	476
0	0	1920
0	0	1920
0	0	1920
0	1440	480
0	480	1440
0	1920	0
480	1395	45
0	0	1920
1280	0	640
0	0	1920
1920	0	0
0	0	1920
1920	0	0
1705	45	170
420	1480	20
120	1800	0
632	628	660
0	0	1920
823	374	723
398	997	525
1052	668	200
621	939	360
626	766	528
264	1400	256
0	0	1920
0	1860	60
0	0	1920
960	960	0
1920	0	0
0	0	1920
1736	0	184
0	1920	0
0	1500	420
0	0	1920
0	0	1920
40	1701	179
0	0	1920
0	0	1920
0	0	1920
1860	0	60
0	0	1920
0	0	1920
1920	0	0
0	480	1440
0	0	1920
1920	0	0
0	0	1920
0	0	1920
1800	120	0
0	0	1920
8	120	1792
1920	0	0
1440	420	60
58	931	931
1920	0	0
1920	0	0
0	0	1920
0	0	1920
0	0	1920
0	0	1920
0	1920	0
0	0	1920
60	0	1860
0	0	1920
1905	0	15
315	0	1605
0	0	1920
0	0	1920
0	0	1920
1920	0	0
0	420	1500
0	1320	600
0	0	1920
0	0	1920
0	0	1920
1233	524	163
0	1408	512
0	384	1536
0	0	1920
0	1080	840
0	0	1920
0	0	1920
0	0	1920
1440	480	0
492	642	786
0	0	1920
0	0	1920
800	864	256
0	0	1920
0	0	1920
0	0	1920
0	1920	0
600	0	1320
0	0	1920
480	1440	0
0	0	1920
0	0	1920
0	0	1920
0	0	1920
60	1860	0
0	0	1920
1920	0	0
1664	0	256
0	0	1920
0	1440	480
0	0	1920
812	1024	84
692	1184	44
0	0	1920
0	0	1920
0	0	1920
420	0	1500
0	0	1920
0	0	1920
0	896	1024
896	0	1024
0	0	1920
1344	32	544
0	1920	0
608	816	496
0	0	1920
0	0	1920
1920	0	0
0	240	1680
0	0	1920
1740	180	0
0	0	1920
0	1920	0
0	0	1920
0	0	1920
0	0	1920
640	640	640
0	1920	0
0	0	1920
0	0	1920
0	0	1920
0	0	1920
0	0	1920
0	0	1920
900	0	1020
60	0	1860
0	0	1920
0	0	1920
120	1495	305
1860	0	60
0	1920	0
408	540	972
0	300	1620
0	0	1920
1785	15	120
0	0	1920
0	0	1920
32	1472	416
1380	0	540
0	1664	256
120	1800	0
0	780	1140
1920	0	0
840	840	240
0	0	1920
0	0	1920
928	96	896
384	0	1536
0	0	1920
0	0	1920
0	1140	780
814	787	319
696	392	832
0	1920	0
728	364	828
1531	251	138
460	928	532
0	0	1920
0	0	1920
1920	0	0
165	0	1755
1800	60	60
0	0	1920
0	0	1920
0	0	1920
1920	0	0
0	480	1440
1612	212	96
0	32	1888
0	0	1920
0	0	1920
0	0	1920
0	1920	0
0	0	1920
0	0	1920
928	96	896
0	0	1920
291	684	945
0	240	1680
0	0	1920
0	0	1920
1920	0	0
0	0	1920
0	0	1920
0	0	1920
1920	0	0
0	1664	256
256	0	1664
313	47	1560
0	0	1920
0	0	1920
480	288	1152
0	0	1920
1920	0	0
0	1152	768
0	0	1920
0	0	1920
0	0	1920
0	0	1920
0	270	1650
0	0	1920
1920	0	0
0	960	960
135	1305	480
0	960	960
1920	0	0
0	0	1920
1440	480	0
0	0	1920
0	1920	0
1575	0	345
0	1920	0
0	0	1920
0	0	1920
0	1920	0
0	0	1920
75	1685	160
1920	0	0
720	0	1200
16	1244	660
0	1920	0
0	0	1920
1280	0	640
1792	0	128
168	1624	128
0	1152	768
1920	0	0
78	1378	464
0	0	1920
0	0	1920
0	0	1920
192	416	1312
0	1920	0
1020	0	900
1920	0	0
0	0	1920
0	1920	0
1920	0	0
0	1920	0
0	720	1200
0	0	1920
1504	0	416
0	1920	0
225	0	1695
1920	0	0
0	780	1140
950	898	72
0	0	1920
0	1920	0
0	0	1920
75	225	1620
0	0	1920
1920	0	0
1920	0	0
1408	0	512
0	1920	0
0	1920	0
0	0	1920
864	544	512
128	1344	448
616	1304	0
1920	0	0
1920	0	0
1800	120	0
1440	156	324
0	1920	0
0	0	1920
0	0	1920
0	0	1920
0	0	1920
0	0	1920
0	0	1920
960	480	480
0	210	1710
0	0	1920
0	0	1920
0	1920	0
0	0	1920
1860	0	60
1920	0	0
0	0	1920
0	0	1920
960	0	960
0	0	1920
900	108	912
0	0	1920
560	952	408
0	0	1920
1920	0	0
0	0	1920
0	0	1920
0	1920	0
1020	0	900
1920	0	0
128	1792	0
0	0	1920
0	0	1920
0	0	1920
1920	0	0
0	1920	0
0	1920	0
0	1920	0
896	1024	0
772	830	318
1248	672	0
0	1920	0
1056	416	448
1680	0	240
480	0	1440
1920	0	0
0	0	1920
120	0	1800
393	328	1199
15	45	1860
1920	0	0
0	0	1920
1920	0	0
0	0	1920
0	1920	0
0	1920	0
0	0	1920
0	0	1920
896	0	1024
1320	600	0
1440	0	480
324	216	1380
1920	0	0
64	1128	728
40	1560	320
0	60	1860
0	0	1920
0	0	1920
96	1824	0
0	0	1920
0	0	1920
0	1920	0
1920	0	0
672	1248	0
1440	480	0
1920	0	0
1408	512	0
1378	30	512
1440	0	480
0	0	1920
600	1320	0
236	544	1140
0	0	1920
0	0	1920
60	270	1590
1140	585	195
1380	405	135
1920	0	0
0	0	1920
128	0	1792
1920	0	0
128	0	1792
1920	0	0
792	788	340
288	1248	384
0	1504	416
1280	0	640
0	0	1920
705	225	990
0	0	1920
1920	0	0
1920	0	0
1447	41	432
0	60	1860
0	640	1280
480	1152	288
0	0	1920
0	0	1920
105	1291	524
0	1440	480
960	0	960
0	480	1440
1467	72	381
520	360	1040
90	510	1320
1472	0	448
84	24	1812
300	0	1620
0	1760	160
720	780	420
200	56	1664
256	672	992
48	124	1748
1920	0	0
0	0	1920
0	1280	640
0	840	1080
480	300	1140
0	0	1920
1024	0	896
0	1680	240
0	0	1920
1440	480	0
0	0	1920
0	0	1920
384	0	1536
0	480	1440
1920	0	0
1920	0	0
1492	76	352
0	1920	0
525	1395	0
0	0	1920
1860	45	15
384	1440	96
1920	0	0
0	0	1920
0	1856	64
1920	0	0
738	318	864
0	1440	480
0	0	1920
1920	0	0
720	240	960
0	1920	0
180	1736	4
483	527	910
0	1440	480
757	361	802
384	1120	416
0	0	1920
144	52	1724
1184	648	88
1620	0	300
768	288	864
45	438	1437
1920	0	0
0	0	1920
1856	32	32
0	1920	0
52	0	1868
70	1828	22
1920	0	0
0	868	1052
480	0	1440
0	0	1920
516	9	1395
0	0	1920
1605	0	315
40	180	1700
288	384	1248
1455	0	465
0	1792	128
1792	0	128
8	1528	384
504	672	744
0	0	1920
480	0	1440
960	0	960
0	1920	0
0	1056	864
768	1152	0
1920	0	0
0	1440	480
128	1792	0
505	1312	103
960	192	768
0	0	1920
1792	0	128
0	1920	0
1920	0	0
0	0	1920
0	0	1920
0	0	1920
1920	0	0
0	1920	0
384	0	1536
0	1920	0
510	1410	0
640	1280	0
896	832	192
0	0	1920
1920	0	0
0	0	1920
672	1056	192
1024	896	0
0	0	1920
0	0	1920
0	496	1424
1920	0	0
1230	0	690
256	1248	416
0	1024	896
1920	0	0
0	1920	0
1920	0	0
0	1920	0
480	0	1440
0	0	1920
1920	0	0
0	0	1920
0	0	1920
525	1395	0
960	960	0
704	896	320
1440	180	300
967	719	234
720	1200	0
1920	0	0
360	0	1560
1200	720	0
0	1920	0
1920	0	0
1560	360	0
864	192	864
465	195	1260
384	0	1536
1920	0	0
60	1860	0
96	1792	32
408	512	1000
784	582	554
0	0	1920
0	960	960
1023	558	339
1248	640	32
802	956	162
765	645	510
428	744	748
180	1740	0
1164	448	308
1920	0	0
613	732	575
1129	451	340
0	0	1920
64	64	1792
0	108	1812
132	1068	720
0	0	1920
0	0	1920
0	0	1920
0	1920	0
141	0	1779
0	0	1920
0	1920	0
1152	564	204
960	0	960
480	1440	0
0	0	1920
0	1920	0
0	1920	0
0	1920	0
1800	120	0
0	1920	0
960	330	630
0	0	1920
0	0	1920
0	0	1920
0	0	1920
128	0	1792
0	0	1920
999	32	889
244	204	1472
1440	0	480
60	1260	600
0	1920	0
0	1920	0
1920	0	0
0	0	1920
0	960	960
0	1920	0
1920	0	0
0	0	1920
1920	0	0
0	0	1920
0	0	1920
1920	0	0
1920	0	0
0	0	1920
0	0	1920
1920	0	0
0	1920	0
668	620	632
0	0	1920
768	1152	0
372	1496	52
736	1152	32
225	420	1275
1380	405	135
0	1920	0
0	0	1920
640	0	1280
220	1172	528
512	0	1408
0	0	1920
1260	660	0
176	0	1744
1920	0	0
1920	0	0
0	420	1500
0	0	1920
0	1888	32
28	632	1260
1920	0	0
1248	0	672
1461	297	162
1920	0	0
1664	0	256
1920	0	0
1920	0	0
1920	0	0
0	1920	0
15	480	1425
0	1472	448
0	1920	0
0	1920	0
759	96	1065
0	0	1920
0	0	1920
0	0	1920
0	0	1920
0	0	1920
0	0	1920
0	0	1920
0	0	1920
0	0	1920
0	0	1920
0	0	1920
1920	0	0
1050	25	845
1920	0	0
0	0	1920
0	0	1920
0	0	1920
0	0	1920
0	0	1920
0	0	1920
1920	0	0
0	0	1920
0	0	1920
0	0	1920
0	0	1920
0	0	1920
0	0	1920
0	0	1920
1920	0	0
0	0	1920
0	1620	300
0	0	1920
0	0	1920
0	0	1920
0	1920	0
0	0	1920
0	0	1920
0	0	1920
0	0	1920
0	0	1920
0	0	1920
0	0	1920
0	0	1920
0	0	1920
0	0	1920
0	0	1920
0	0	1920
0	0	1920
1440	0	480
0	0	1920
0	0	1920
0	0	1920
0	0	1920
0	0	1920
0	0	1920
1920	0	0
0	0	1920
0	0	1920
0	0	1920
0	0	1920
0	1920	0
0	0	1920
0	0	1920
0	0	1920
0	0	1920
1680	0	240
120	0	1800
1920	0	0
0	0	1920
0	0	1920
0	0	1920
0	1920	0
0	0	1920
0	0	1920
0	0	1920
0	0	1920
1920	0	0
0	0	1920
0	0	1920
0	0	1920
1920	0	0
1500	0	420
0	1920	0
1440	0	480
0	0	1920
0	1920	0
0	0	1920
0	0	1920
0	0	1920
0	0	1920
0	0	1920
0	1860	60
1920	0	0
1920	0	0
0	1920	0
0	480	1440
0	0	1920
0	0	1920
480	1440	0
0	0	1920
1920	0	0
1680	0	240
1875	0	45
0	0	1920
120	0	1800
0	0	1920
1920	0	0
0	0	1920
1920	0	0
0	0	1920
1920	0	0
0	0	1920
174	435	1311
1920	0	0
0	0	1920
0	0	1920
0	0	1920
0	0	1920
1920	0	0
0	0	1920
1920	0	0
0	1920	0
1920	0	0
630	450	840
0	0	1920
0	0	1920
0	0	1920
1920	0	0
1020	0	900
0	1920	0
0	0	1920
0	0	1920
960	960	0
0	960	960
0	0	1920
0	0	1920
0	0	1920
0	0	1920
0	0	1920
0	0	1920
540	270	1110
0	0	1920
0	0	1920
0	0	1920
0	1920	0
0	0	1920
0	0	1920
0	0	1920
0	0	1920
0	0	1920
0	0	1920
0	0	1920
0	0	1920
1024	0	896
0	0	1920
0	0	1920
0	0	1920
0	0	1920
0	0	1920
0	0	1920
1226	359	335
1280	320	320
0	0	1920
0	0	1920
1200	720	0
0	0	1920
0	0	1920
0	0	1920
0	0	1920
0	0	1920
0	0	1920
0	0	1920
1440	0	480
0	0	1920
0	840	1080
1920	0	0
0	1920	0
0	1920	0
0	0	1920
0	0	1920
0	0	1920
0	1440	480
1440	0	480
0	0	1920
0	0	1920
1196	0	724
0	0	1920
0	0	1920
0	0	1920
0	0	1920
0	0	1920
0	0	1920
288	416	1216
0	0	1920
0	0	1920
0	0	1920
0	0	1920
128	448	1344
60	1800	60
0	0	1920
0	0	1920
0	0	1920
0	0	1920
505	320	1095
0	0	1920
1920	0	0
0	1920	0
1920	0	0
0	1320	600
1920	0	0
0	0	1920
0	0	1920
0	0	1920
0	0	1920
0	0	1920
0	0	1920
0	0	1920
0	0	1920
0	0	1920
1920	0	0
0	0	1920
0	0	1920
1920	0	0
0	0	1920
0	0	1920
0	0	1920
0	1860	60
1920	0	0
0	1920	0
390	210	1320
0	1920	0
1920	0	0
0	0	1920
0	0	1920
0	1920	0
0	0	1920
0	0	1920
0	0	1920
1920	0	0
0	0	1920
0	660	1260
0	0	1920
0	0	1920
640	0	1280
0	0	1920
0	1920	0
0	0	1920
0	1920	0
1920	0	0
1920	0	0
0	0	1920
0	228	1692
0	0	1920
300	0	1620
0	0	1920
0	0	1920
0	0	1920
0	0	1920
0	0	1920
0	0	1920
0	0	1920
0	768	1152
0	0	1920
750	1020	150
0	0	1920
0	0	1920
0	0	1920
0	0	1920
315	750	855
0	0	1920
0	0	1920
0	0	1920
0	0	1920
1860	60	0
508	661	751
1860	0	60
896	576	448
960	64	896
1248	224	448
272	896	752
0	0	1920
0	0	1920
165	315	1440
0	0	1920
0	0	1920
0	0	1920
0	0	1920
0	0	1920
120	0	1800
0	0	1920
1920	0	0
0	0	1920
0	0	1920
0	0	1920
0	1680	240
0	0	1920
1920	0	0
0	1920	0
0	0	1920
0	0	1920
0	1920	0
0	0	1920
0	0	1920
0	0	1920
0	0	1920
0	1920	0
0	0	1920
0	0	1920
480	480	960
0	0	1920
0	0	1920
0	0	1920
0	0	1920
0	0	1920
0	0	1920
0	0	1920
0	0	1920
0	0	1920
0	0	1920
1920	0	0
0	0	1920
0	0	1920
0	0	1920
0	0	1920
0	0	1920
1920	0	0
1920	0	0
150	1260	510
0	0	1920
0	0	1920
0	1920	0
404	1232	284
4	264	1652
1536	0	384
0	0	1920
256	1632	32
0	0	1920
0	0	1920
1920	0	0
0	1920	0
0	0	1920
0	1920	0
0	0	1920
1920	0	0
0	0	1920
0	0	1920
0	0	1920
0	384	1536
429	573	918
0	0	1920
0	0	1920
0	0	1920
1920	0	0
0	0	1920
0	1920	0
0	1920	0
0	0	1920
0	0	1920
0	0	1920
0	1920	0
0	0	1920
0	0	1920
0	0	1920
0	0	1920
0	0	1920
0	0	1920
0	0	1920
0	0	1920
1200	720	0
0	0	1920
768	1152	0
0	0	1920
0	0	1920
0	0	1920
0	0	1920
0	0	1920
0	0	1920
0	0	1920
0	0	1920
1920	0	0
1920	0	0
0	0	1920
0	0	1920
0	0	1920
0	0	1920
0	0	1920
180	870	870
0	0	1920
0	0	1920
0	0	1920
480	1440	0
1920	0	0
0	0	1920
0	0	1920
0	0	1920
0	0	1920
0	0	1920
0	0	1920
0	0	1920
0	0	1920
0	0	1920
0	0	1920
128	0	1792
0	0	1920
0	0	1920
0	0	1920
0	0	1920
0	0	1920
0	1920	0
1920	0	0
0	0	1920
0	0	1920
0	0	1920
0	0	1920
1920	0	0
0	0	1920
0	0	1920
0	0	1920
0	0	1920
1620	300	0
435	1080	405
1920	0	0
140	132	1648
0	1920	0
669	1169	82
1920	0	0
480	390	1050
195	285	1440
1920	0	0
1380	540	0
225	255	1440
0	1140	780
1920	0	0
480	1440	0
1920	0	0
0	480	1440
0	1920	0
0	1920	0
0	1920	0
0	480	1440
544	896	480
1440	128	352
0	768	1152
1590	45	285
1920	0	0
0	180	1740
1920	0	0
0	0	1920
0	0	1920
0	0	1920
105	1365	450
1152	0	768
1920	0	0
0	0	1920
0	0	1920
0	0	1920
0	1920	0
0	0	1920
0	1920	0
480	1260	180
0	0	1920
1920	0	0
0	0	1920
0	0	1920
0	0	1920
0	0	1920
0	0	1920
0	0	1920
0	0	1920
0	0	1920
0	0	1920
0	0	1920
0	0	1920
0	0	1920
0	0	1920
128	1664	128
104	1190	626
0	0	1920
0	0	1920
768	0	1152
768	192	960
0	1920	0
0	0	1920
0	1920	0
0	1920	0
60	0	1860
0	0	1920
0	1696	224
100	1747	73
0	0	1920
1920	0	0
0	1920	0
0	0	1920
1920	0	0
0	0	1920
0	0	1920
576	1056	288
1920	0	0
360	1560	0
1215	225	480
0	0	1920
0	0	1920
1920	0	0
0	0	1920
660	240	1020
0	864	1056
0	1920	0
0	1920	0
708	64	1148
1920	0	0
1860	60	0
0	0	1920
0	0	1920
0	0	1920
0	0	1920
1440	0	480
0	0	1920
480	0	1440
0	1728	192
0	0	1920
0	0	1920
960	0	960
0	0	1920
448	1472	0
0	0	1920
1352	480	88
1230	546	144
0	1920	0
1920	0	0
0	0	1920
0	0	1920
33	1016	871
0	1440	480
0	1800	120
960	0	960
0	0	1920
0	0	1920
0	0	1920
0	0	1920
0	0	1920
0	0	1920
0	0	1920
1455	465	0
0	480	1440
0	0	1920
272	1136	512
0	0	1920
0	1920	0
1792	0	128
1920	0	0
1920	0	0
360	0	1560
0	1920	0
1920	0	0
1276	464	180
512	0	1408
360	0	1560
0	0	1920
480	0	1440
0	390	1530
0	1920	0
540	1380	0
300	0	1620
1364	0	556
0	0	1920
0	0	1920
256	1664	0
1800	120	0
0	0	1920
0	0	1920
736	1184	0
0	0	1920
0	0	1920
0	0	1920
0	0	1920
480	0	1440
1020	900	0
0	0	1920
0	0	1920
0	0	1920
0	0	1920
0	0	1920
1920	0	0
0	0	1920
1920	0	0
1440	0	480
0	0	1920
512	960	448
1920	0	0
0	0	1920
0	0	1920
1920	0	0
1920	0	0
1920	0	0
0	1920	0
0	0	1920
0	0	1920
0	0	1920
1440	480	0
720	720	480
656	896	368
300	0	1620
1920	0	0
1920	0	0
1440	0	480
1920	0	0
1920	0	0
1920	0	0
1440	0	480
0	0	1920
0	1920	0
0	1920	0
0	0	1920
0	0	1920
0	1920	0
0	1920	0
846	580	494
1920	0	0
0	0	1920
0	0	1920
0	0	1920
0	1920	0
1740	0	180
630	330	960
1920	0	0
0	0	1920
0	1920	0
0	0	1920
0	0	1920
0	0	1920
0	0	1920
224	1344	352
0	512	1408
0	0	1920
0	0	1920
0	0	1920
30	930	960
1920	0	0
0	1920	0
0	0	1920
0	1920	0
0	0	1920
480	0	1440
1524	104	292
1920	0	0
480	1440	0
0	480	1440
1440	32	448
810	630	480
338	204	1378
1920	0	0
1888	0	32
1740	45	135
896	1024	0
0	0	1920
1920	0	0
0	0	1920
120	1320	480
0	0	1920
256	0	1664
0	0	1920
0	0	1920
0	0	1920
0	1920	0
1860	0	60
960	928	32
900	1020	0
672	420	828
0	0	1920
0	0	1920
1920	0	0
0	0	1920
352	1440	128
0	0	1920
0	0	1920
1920	0	0
0	1920	0
0	0	1920
0	0	1920
660	945	315
0	0	1920
1920	0	0
0	1440	480
0	0	1920
0	0	1920
0	0	1920
1920	0	0
0	1920	0
0	0	1920
600	1080	240
0	1920	0
0	0	1920
0	0	1920
0	1920	0
0	1920	0
1920	0	0
0	0	1920
0	1920	0
480	1440	0
0	0	1920
0	0	1920
0	0	1920
0	0	1920
0	0	1920
0	0	1920
0	256	1664
1920	0	0
1920	0	0
1920	0	0
0	0	1920
0	1880	40
0	0	1920
120	0	1800
945	534	441
0	300	1620
1680	0	240
728	936	256
60	0	1860
0	0	1920
480	0	1440
0	0	1920
0	1920	0
1920	0	0
0	0	1920
0	0	1920
0	0	1920
0	0	1920
60	0	1860
0	0	1920
1155	494	271
0	1920	0
0	0	1920
1440	0	480
1560	360	0
0	1920	0
1920	0	0
36	404	1480
0	0	1920
0	0	1920
0	1920	0
0	0	1920
384	0	1536
832	128	960
0	1664	256
1440	0	480
0	0	1920
0	0	1920
480	0	1440
0	0	1920
0	0	1920
0	1920	0
0	0	1920
1920	0	0
1408	0	512
1920	0	0
960	840	120
0	0	1920
0	0	1920
0	0	1920
0	0	1920
0	0	1920
1920	0	0
0	1920	0
960	0	960
1920	0	0
1050	75	795
0	0	1920
0	1440	480
44	824	1052
24	1716	180
0	0	1920
0	0	1920
0	0	1920
0	0	1920
1920	0	0
0	1440	480
960	960	0
0	1920	0
0	0	1920
0	0	1920
0	0	1920
0	1920	0
0	384	1536
696	24	1200
1920	0	0
0	0	1920
0	0	1920
0	0	1920
1920	0	0
0	0	1920
0	0	1920
0	0	1920
1440	0	480
1920	0	0
0	1380	540
0	0	1920
0	0	1920
1230	345	345
1860	60	0
300	1612	8
0	0	1920
1920	0	0
1920	0	0
1920	0	0
0	0	1920
576	1152	192
0	60	1860
1920	0	0
0	0	1920
1920	0	0
336	459	1125
0	0	1920
0	4	1916
1536	0	384
740	380	800
720	0	1200
0	1920	0
0	0	1920
0	0	1920
1482	0	438
0	1920	0
0	0	1920
0	1920	0
1920	0	0
0	0	1920
336	468	1116
0	0	1920
1920	0	0
1920	0	0
0	1920	0
1920	0	0
0	1920	0
1920	0	0
0	1920	0
1280	640	0
0	0	1920
0	0	1920
0	1920	0
0	0	1920
0	0	1920
1792	0	128
1920	0	0
0	0	1920
0	1920	0
0	0	1920
992	224	704
0	1920	0
0	0	1920
1920	0	0
1824	0	96
0	0	1920
640	1280	0
1365	405	150
0	0	1920
0	0	1920
1024	672	224
0	0	1920
210	630	1080
1920	0	0
0	1920	0
1408	32	480
0	1792	128
0	0	1920
0	0	1920
0	0	1920
192	0	1728
1440	0	480
0	0	1920
1920	0	0
0	1920	0
1920	0	0
1920	0	0
0	0	1920
1920	0	0
0	0	1920
0	945	975
0	0	1920
0	1920	0
1440	195	285
0	1560	360
0	1920	0
1920	0	0
180	0	1740
0	1920	0
0	0	1920
0	1200	720
0	0	1920
0	1920	0
0	768	1152
0	0	1920
0	0	1920
0	1792	128
1920	0	0
0	1792	128
0	1920	0
0	0	1920
0	128	1792
0	0	1920
0	0	1920
1792	0	128
0	0	1920
0	1440	480
1920	0	0
1620	300	0
0	1920	0
1920	0	0
0	0	1920
0	0	1920
0	1920	0
0	0	1920
1664	256	0
0	1024	896
720	0	1200
0	0	1920
60	0	1860
1860	0	60
0	0	1920
12	408	1500
1920	0	0
320	640	960
1920	0	0
1920	0	0
1920	0	0
892	664	364
0	384	1536
512	0	1408
0	1920	0
0	0	1920
465	1410	45
0	0	1920
1920	0	0
360	1320	240
0	0	1920
663	285	972
0	0	1920
0	0	1920
15	0	1905
15	15	1890
0	0	1920
0	375	1545
882	618	420
0	0	1920
0	0	1920
60	0	1860
0	1920	0
0	1792	128
1280	640	0
1920	0	0
480	1440	0
1124	481	315
1405	317	198
1241	24	655
0	480	1440
1920	0	0
896	0	1024
1680	0	240
0	0	1920
1920	0	0
540	0	1380
0	0	1920
0	0	1920
0	0	1920
0	0	1920
39	305	1576
0	1692	228
1500	210	210
0	0	1920
0	120	1800
0	1920	0
0	480	1440
1440	0	480
0	360	1560
0	1440	480
0	480	1440
810	150	960
0	0	1920
672	168	1080
0	0	1920
1920	0	0
0	420	1500
0	0	1920
0	0	1920
0	1920	0
0	0	1920
960	0	960
750	480	690
0	0	1920
570	0	1350
896	278	746
0	0	1920
0	256	1664
0	1664	256
0	1920	0
0	0	1920
660	0	1260
0	0	1920
0	0	1920
0	0	1920
1440	480	0
1860	15	45
0	1920	0
0	1920	0
1920	0	0
828	972	120
0	0	1920
0	0	1920
0	0	1920
0	0	1920
0	0	1920
0	0	1920
1503	45	372
36	0	1884
0	0	1920
1920	0	0
1200	720	0
1440	0	480
30	0	1890
0	60	1860
0	480	1440
540	60	1320
60	0	1860
0	960	960
0	0	1920
0	1305	615
0	0	1920
480	0	1440
0	0	1920
700	940	280
0	0	1920
1440	0	480
0	0	1920
1860	60	0
1920	0	0
480	0	1440
0	1920	0
0	0	1920
1860	60	0
240	270	1410
540	0	1380
0	0	1920
0	0	1920
0	1920	0
0	960	960
1440	0	480
0	0	1920
0	1876	44
0	1920	0
0	0	1920
0	1024	896
0	0	1920
0	0	1920
0	768	1152
1440	0	480
0	0	1920
0	0	1920
0	0	1920
0	0	1920
300	0	1620
510	470	940
0	0	1920
960	0	960
1445	421	54
1488	202	230
1530	390	0
0	0	1920
0	0	1920
1920	0	0
256	1664	0
0	0	1920
0	1920	0
0	1920	0
0	0	1920
0	0	1920
0	0	1920
0	0	1920
0	1344	576
0	0	1920
1215	270	435
0	1920	0
312	468	1140
0	0	1920
0	0	1920
0	1920	0
1920	0	0
1920	0	0
1142	277	501
1740	0	180
480	0	1440
0	0	1920
0	480	1440
0	0	1920
0	1792	128
0	0	1920
1620	0	300
0	1920	0
0	1440	480
0	0	1920
1176	120	624
0	0	1920
0	1920	0
0	0	1920
0	0	1920
1860	60	0
480	0	1440
0	1440	480
128	0	1792
0	0	1920
30	0	1890
0	0	1920
0	0	1920
1860	60	0
0	0	1920
1440	480	0
0	0	1920
1920	0	0
0	0	1920
0	0	1920
1920	0	0
0	0	1920
1920	0	0
1920	0	0
0	0	1920
0	1920	0
1920	0	0
0	0	1920
0	0	1920
0	1920	0
0	0	1920
1920	0	0
0	1920	0
0	0	1920
0	0	1920
0	0	1920
0	1920	0
0	0	1920
1184	448	288
768	224	928
0	0	1920
45	0	1875
0	0	1920
0	1440	480
0	1920	0
0	0	1920
0	1920	0
0	1920	0
0	0	1920
1920	0	0
1920	0	0
0	0	1920
0	1920	0
0	0	1920
0	0	1920
0	0	1920
0	108	1812
0	0	1920
1920	0	0
0	0	1920
0	0	1920
0	0	1920
1920	0	0
0	0	1920
0	0	1920
1440	0	480
1920	0	0
582	962	376
0	0	1920
0	0	1920
0	0	1920
32	1632	256
0	1792	128
1920	0	0
0	0	1920
1539	310	71
0	0	1920
352	1408	160
0	0	1920
0	1920	0
1920	0	0
0	240	1680
0	0	1920
0	0	1920
0	1920	0
0	0	1920
0	1920	0
0	0	1920
0	1920	0
1920	0	0
1920	0	0
480	1184	256
0	0	1920
1920	0	0
1860	0	60
0	120	1800
0	0	1920
0	0	1920
0	0	1920
1920	0	0
480	1440	0
0	1920	0
1792	0	128
0	0	1920
0	1920	0
0	0	1920
1920	0	0
0	0	1920
0	0	1920
0	930	990
0	480	1440
0	0	1920
0	0	1920
0	0	1920
0	256	1664
1380	480	60
448	1440	32
0	0	1920
0	0	1920
0	0	1920
0	0	1920
0	0	1920
0	1920	0
0	0	1920
0	1920	0
0	1920	0
1176	128	616
0	0	1920
0	0	1920
0	60	1860
0	0	1920
0	0	1920
0	0	1920
0	0	1920
0	0	1920
0	0	1920
0	1920	0
0	0	1920
0	1920	0
0	0	1920
0	1920	0
0	0	1920
0	1920	0
1080	840	0
0	0	1920
0	1920	0
180	0	1740
1140	780	0
0	0	1920
0	1920	0
0	0	1920
0	0	1920
0	0	1920
0	0	1920
1920	0	0
0	0	1920
0	0	1920
0	0	1920
0	0	1920
104	24	1792
1024	640	256
1800	60	60
960	960	0
1920	0	0
1920	0	0
1920	0	0
60	930	930
0	0	1920
1920	0	0
1920	0	0
56	1736	128
0	0	1920
0	0	1920
0	1920	0
0	0	1920
0	0	1920
236	840	844
570	0	1350
1260	0	660
0	0	1920
1504	352	64
0	0	1920
0	0	1920
60	1860	0
0	0	1920
120	0	1800
0	1920	0
0	1920	0
427	762	731
0	0	1920
1920	0	0
0	0	1920
0	0	1920
0	0	1920
0	0	1920
0	0	1920
0	1792	128
0	0	1920
0	0	1920
0	0	1920
0	1920	0
0	0	1920
0	0	1920
0	1920	0
0	0	1920
0	1920	0
0	0	1920
1440	0	480
0	1920	0
0	1920	0
280	1256	384
68	1658	194
0	1728	192
0	960	960
128	960	832
0	0	1920
1920	0	0
0	0	1920
128	0	1792
0	0	1920
512	1024	384
0	0	1920
0	0	1920
0	1920	0
0	0	1920
1920	0	0
0	0	1920
180	0	1740
0	0	1920
0	0	1920
0	0	1920
0	256	1664
0	0	1920
0	0	1920
0	0	1920
0	0	1920
0	60	1860
1920	0	0
0	1020	900
720	720	480
0	1920	0
0	1920	0
0	1440	480
0	1920	0
0	0	1920
240	120	1560
1920	0	0
32	1344	544
384	832	704
0	0	1920
0	0	1920
0	0	1920
0	0	1920
1860	0	60
974	864	82
744	837	339
84	0	1836
0	0	1920
0	0	1920
40	19	1861
0	0	1920
224	1024	672
1920	0	0
1792	128	0
1920	0	0
0	0	1920
1920	0	0
15	465	1440
0	0	1920
1452	450	18
594	587	739
304	1592	24
930	630	360
240	1532	148
297	1422	201
1740	180	0
222	949	749
0	1440	480
0	0	1920
0	0	1920
1920	0	0
636	935	349
0	0	1920
0	180	1740
336	504	1080
0	0	1920
0	0	1920
0	0	1920
0	0	1920
0	0	1920
0	0	1920
480	480	960
60	0	1860
0	0	1920
0	0	1920
0	0	1920
0	0	1920
0	1920	0
0	0	1920
0	1920	0
1920	0	0
0	0	1920
0	0	1920
672	1152	96
1920	0	0
0	0	1920
0	0	1920
0	0	1920
0	1920	0
0	0	1920
0	0	1920
0	0	1920
0	0	1920
0	0	1920
0	1920	0
0	0	1920
1920	0	0
1440	0	480
1248	448	224
0	0	1920
1920	0	0
1920	0	0
1920	0	0
0	0	1920
1920	0	0
0	0	1920
0	1920	0
45	1395	480
0	0	1920
0	0	1920
1680	60	180
480	1440	0
0	0	1920
1560	0	360
0	60	1860
1792	32	96
0	128	1792
0	0	1920
0	1920	0
0	1920	0
1920	0	0
0	0	1920
900	1020	0
1920	0	0
0	1536	384
0	240	1680
0	0	1920
0	0	1920
1920	0	0
64	1254	602
1600	256	64
1440	0	480
1612	0	308
0	1920	0
0	0	1920
1440	0	480
0	0	1920
1024	0	896
0	0	1920
0	0	1920
0	0	1920
0	1792	128
1112	138	670
0	1920	0
1440	448	32
0	480	1440
8	1728	184
768	0	1152
540	60	1320
0	360	1560
0	0	1920
60	0	1860
0	0	1920
300	300	1320
520	764	636
272	8	1640
0	0	1920
0	0	1920
0	0	1920
256	1664	0
640	1024	256
0	1920	0
0	720	1200
0	0	1920
0	0	1920
0	480	1440
0	0	1920
0	0	1920
0	0	1920
128	1792	0
0	0	1920
112	1808	0
1800	30	90
0	0	1920
0	1568	352
0	60	1860
0	0	1920
0	0	1920
0	1920	0
0	0	1920
0	0	1920
1440	0	480
0	0	1920
0	0	1920
960	480	480
0	1920	0
0	0	1920
0	0	1920
0	0	1920
0	0	1920
0	0	1920
0	0	1920
1627	164	129
0	0	1920
1726	116	78
0	1920	0
0	0	1920
48	955	917
0	0	1920
240	0	1680
0	0	1920
240	1680	0
0	0	1920
0	1920	0
1152	0	768
1440	0	480
110	110	1700
1120	768	32
814	959	147
0	0	1920
0	1920	0
0	0	1920
1920	0	0
0	1920	0
0	0	1920
0	0	1920
256	1408	256
960	0	960
1080	0	840
360	300	1260
0	0	1920
1920	0	0
0	0	1920
0	0	1920
1920	0	0
0	0	1920
0	0	1920
1920	0	0
1620	0	300
1740	0	180
0	0	1920
1080	660	180
0	1680	240
0	960	960
0	0	1920
1740	0	180
0	0	1920
0	0	1920
0	1920	0
0	60	1860
0	0	1920
1920	0	0
1920	0	0
0	0	1920
1920	0	0
0	1920	0
0	0	1920
0	0	1920
0	1920	0
0	0	1920
0	1920	0
0	0	1920
0	0	1920
0	0	1920
0	1920	0
1170	270	480
1920	0	0
240	0	1680
0	0	1920
0	0	1920
1440	0	480
0	0	1920
0	0	1920
0	0	1920
0	0	1920
0	0	1920
256	1664	0
0	0	1920
960	160	800
480	222	1218
0	0	1920
768	896	256
0	0	1920
0	0	1920
0	0	1920
0	1920	0
480	1440	0
1920	0	0
0	0	1920
0	0	1920
0	0	1920
0	0	1920
0	0	1920
1920	0	0
1920	0	0
156	784	980
0	0	1920
256	896	768
495	893	532
0	1920	0
0	0	1920
1920	0	0
1920	0	0
0	1920	0
1920	0	0
1440	0	480
300	1620	0
0	1920	0
553	453	914
0	0	1920
0	0	1920
0	0	1920
1920	0	0
0	900	1020
960	960	0
1920	0	0
0	1920	0
0	0	1920
960	960	0
0	0	1920
0	0	1920
0	0	1920
0	0	1920
1920	0	0
0	1920	0
0	1920	0
0	1920	0
0	1920	0
1920	0	0
0	1920	0
0	0	1920
0	0	1920
1620	300	0
0	0	1920
568	848	504
1920	0	0
0	0	1920
0	0	1920
0	1920	0
1920	0	0
1920	0	0
1920	0	0
0	0	1920
0	0	1920
0	0	1920
0	0	1920
0	1920	0
0	0	1920
0	1920	0
0	0	1920
0	0	1920
1800	120	0
1920	0	0
0	0	1920
0	0	1920
1920	0	0
0	0	1920
0	0	1920
0	0	1920
1920	0	0
0	0	1920
0	1920	0
1280	0	640
0	480	1440
1392	318	210
300	1215	405
224	1696	0
0	0	1920
0	1440	480
0	0	1920
897	432	591
20	4	1896
880	704	336
1029	144	747
1248	0	672
960	960	0
0	1920	0
0	0	1920
480	0	1440
0	720	1200
1875	45	0
1920	0	0
1920	0	0
1920	0	0
0	0	1920
0	0	1920
480	0	1440
0	0	1920
60	0	1860
0	1920	0
0	1680	240
0	0	1920
0	1440	480
1800	0	120
672	1184	64
0	1920	0
60	0	1860
0	1920	0
0	0	1920
0	960	960
0	0	1920
15	0	1905
1200	660	60
1920	0	0
1920	0	0
0	0	1920
0	1920	0
1920	0	0
0	0	1920
0	0	1920
1792	128	0
0	0	1920
0	1920	0
1920	0	0
855	90	975
512	128	1280
0	0	1920
0	0	1920
0	0	1920
896	0	1024
0	0	1920
0	0	1920
0	0	1920
0	1920	0
0	0	1920
1920	0	0
0	0	1920
1920	0	0
1200	720	0
0	0	1920
0	0	1920
0	0	1920
0	0	1920
128	0	1792
0	0	1920
0	0	1920
0	0	1920
464	48	1408
960	0	960
0	1920	0
360	1560	0
0	308	1612
0	1920	0
0	0	1920
480	0	1440
1920	0	0
0	0	1920
1080	840	0
1920	0	0
0	1920	0
0	0	1920
0	1440	480
1920	0	0
0	640	1280
1440	0	480
0	1920	0
480	1440	0
1920	0	0
0	1920	0
0	0	1920
0	0	1920
1920	0	0
0	1920	0
1920	0	0
0	0	1920
1408	512	0
0	0	1920
1920	0	0
0	480	1440
0	0	1920
0	0	1920
1152	768	0
1152	0	768
1023	372	525
0	0	1920
0	480	1440
0	0	1920
480	0	1440
1380	240	300
1920	0	0
0	360	1560
1440	0	480
0	0	1920
1408	0	512
0	0	1920
0	0	1920
450	1350	120
834	885	201
1792	0	128
1920	0	0
1920	0	0
0	0	1920
0	1920	0
0	1920	0
0	480	1440
512	512	896
0	0	1920
0	0	1920
0	0	1920
0	0	1920
0	0	1920
0	1920	0
0	0	1920
1440	90	390
78	390	1452
0	0	1920
0	1920	0
308	560	1052
0	0	1920
1440	0	480
1920	0	0
1920	0	0
0	0	1920
0	0	1920
0	1440	480
0	0	1920
0	0	1920
0	0	1920
128	1056	736
0	1920	0
480	0	1440
0	896	1024
0	1152	768
0	1920	0
32	1760	128
776	28	1116
1664	0	256
0	68	1852
0	0	1920
840	0	1080
0	1920	0
45	1410	465
0	0	1920
1740	180	0
0	0	1920
0	0	1920
0	0	1920
0	0	1920
1792	128	0
0	0	1920
1920	0	0
0	0	1920
1280	640	0
1920	0	0
0	0	1920
0	0	1920
0	0	1920
0	1440	480
0	0	1920
0	0	1920
0	0	1920
0	0	1920
0	0	1920
0	0	1920
0	0	1920
0	960	960
960	960	0
0	1920	0
1920	0	0
0	1920	0
300	1620	0
0	0	1920
480	1395	45
0	1920	0
0	1860	60
0	0	1920
1920	0	0
0	1920	0
1800	120	0
0	1215	705
0	0	1920
1920	0	0
1008	0	912
60	180	1680
1920	0	0
0	1920	0
1920	0	0
304	0	1616
880	320	720
0	1920	0
1920	0	0
1638	143	139
701	608	611
0	0	1920
0	0	1920
0	0	1920
112	1640	168
1408	512	0
1920	0	0
0	0	1920
0	0	1920
0	1440	480
0	1920	0
0	0	1920
0	0	1920
0	1440	480
716	279	925
0	0	1920
193	1406	321
0	1920	0
0	0	1920
1024	0	896
0	1024	896
1920	0	0
1920	0	0
0	1920	0
0	180	1740
0	0	1920
1920	0	0
0	0	1920
1680	0	240
1770	0	150
0	1920	0
0	0	1920
0	1440	480
352	1504	64
1920	0	0
0	0	1920
828	32	1060
108	1155	657
1920	0	0
0	0	1920
1920	0	0
0	1092	828
1500	360	60
16	0	1904
0	1920	0
1920	0	0
111	1446	363
0	0	1920
0	0	1920
0	0	1920
672	1056	192
0	1920	0
1920	0	0
0	1920	0
128	1024	768
0	896	1024
0	0	1920
0	0	1920
0	0	1920
0	0	1920
0	0	1920
0	0	1920
0	0	1920
420	1500	0
1920	0	0
480	1440	0
1380	420	120
0	1920	0
1455	0	465
1020	900	0
0	0	1920
480	760	680
0	0	1920
1140	780	0
1260	0	660
0	0	1920
0	0	1920
227	469	1224
1920	0	0
128	0	1792
0	0	1920
0	0	1920
120	0	1800
532	188	1200
0	480	1440
1920	0	0
0	640	1280
1920	0	0
420	15	1485
0	0	1920
0	480	1440
0	0	1920
1920	0	0
0	0	1920
128	0	1792
0	1920	0
0	0	1920
0	48	1872
0	120	1800
0	120	1800
180	0	1740
540	60	1320
544	1120	256
0	216	1704
0	0	1920
77	1731	112
1440	8	472
1920	0	0
96	480	1344
960	384	576
0	0	1920
1920	0	0
90	1350	480
0	0	1920
0	0	1920
1664	0	256
0	164	1756
1920	0	0
384	1536	0
0	0	1920
0	0	1920
0	405	1515
100	200	1620
0	0	1920
1920	0	0
0	0	1920
0	0	1920
0	840	1080
1440	480	0
0	1440	480
0	0	1920
512	352	1056
248	242	1430
180	0	1740
1920	0	0
885	402	633
0	1140	780
1044	66	810
0	0	1920
1920	0	0
232	24	1664
0	0	1920
0	0	1920
1920	0	0
0	0	1920
1920	0	0
0	1920	0
240	1680	0
0	0	1920
0	1920	0
0	0	1920
0	1920	0
0	1920	0
0	0	1920
0	1920	0
480	320	1120
0	0	1920
1920	0	0
1920	0	0
0	1920	0
480	0	1440
0	1920	0
1920	0	0
1920	0	0
0	210	1710
1664	0	256
0	480	1440
1920	0	0
0	0	1920
78	42	1800
0	0	1920
1440	448	32
0	0	1920
0	0	1920
0	870	1050
0	90	1830
0	1044	876
0	0	1920
0	1080	840
333	567	1020
1920	0	0
0	1792	128
0	0	1920
1232	88	600
1408	0	512
0	0	1920
384	0	1536
1920	0	0
1920	0	0
0	0	1920
1920	0	0
0	60	1860
0	1440	480
0	480	1440
660	285	975
1792	96	32
128	1792	0
1920	0	0
770	930	220
0	1860	60
0	0	1920
0	0	1920
672	960	288
0	1920	0
1920	0	0
0	1920	0
0	1920	0
0	0	1920
1680	240	0
0	0	1920
0	1348	572
0	0	1920
0	0	1920
0	0	1920
1490	270	160
1408	512	0
0	0	1920
0	0	1920
0	0	1920
0	0	1920
0	0	1920
1920	0	0
1920	0	0
1920	0	0
0	1920	0
0	0	1920
0	0	1920
147	33	1740
12	136	1772
0	0	1920
0	1920	0
100	60	1760
0	1920	0
0	960	960
398	1204	318
160	608	1152
550	718	652
1920	0	0
1080	0	840
1920	0	0
0	0	1920
0	0	1920
0	960	960
0	0	1920
0	0	1920
1440	0	480
1770	150	0
0	1920	0
0	0	1920
0	0	1920
0	1920	0
1920	0	0
0	1920	0
0	1920	0
0	0	1920
1920	0	0
960	480	480
1920	0	0
0	0	1920
288	1542	90
864	288	768
0	0	1920
1920	0	0
372	1536	12
1536	0	384
1920	0	0
0	0	1920
0	0	1920
1890	0	30
0	300	1620
1408	428	84
0	1920	0
0	0	1920
1792	0	128
0	0	1920
0	0	1920
0	0	1920
15	120	1785
960	0	960
0	0	1920
256	0	1664
0	0	1920
0	0	1920
240	0	1680
0	0	1920
0	1920	0
0	1440	480
0	1440	480
0	0	1920
0	1920	0
0	0	1920
1920	0	0
0	0	1920
0	0	1920
0	0	1920
0	1680	240
1680	0	240
0	0	1920
512	352	1056
960	720	240
0	640	1280
0	1920	0
1792	0	128
0	0	1920
0	0	1920
0	0	1920
0	1620	300
0	640	1280
1110	750	60
0	0	1920
0	0	1920
0	0	1920
0	0	1920
1920	0	0
0	0	1920
0	1350	570
0	0	1920
0	0	1920
0	0	1920
0	0	1920
0	1920	0
0	0	1920
1920	0	0
0	0	1920
0	0	1920
0	0	1920
0	0	1920
1920	0	0
256	1632	32
0	0	1920
